Date,Name,Year,Letterboxd URI,Rating
2020-01-01,Filth,2013,https://boxd.it/32NY,4
2020-01-28,The Shining,1980,https://boxd.it/29Nu,5
2020-01-28,The Wolf of Wall Street,2013,https://boxd.it/3C1m,4
2020-01-28,Alien,1979,https://boxd.it/2awY,3.5
2020-01-28,Nebraska,2013,https://boxd.it/4exq,3.5
2020-01-28,The Devil and Daniel Johnston,2005,https://boxd.it/1QzI,4
2020-01-28,Dunkirk,2017,https://boxd.it/d0Y6,3
2020-01-28,Se7en,1995,https://boxd.it/29zs,5
2020-01-28,Léon: The Professional,1994,https://boxd.it/2b8S,4
2020-01-28,Mystic River,2003,https://boxd.it/2aAG,3.5
2020-01-28,Bottle Rocket,1996,https://boxd.it/1PDa,4
2020-01-28,Submarine,2010,https://boxd.it/H4a,3.5
2020-01-28,Blue Valentine,2010,https://boxd.it/MxG,3
2020-01-28,Isle of Dogs,2018,https://boxd.it/dZrW,3.5
2020-01-28,Dancer in the Dark,2000,https://boxd.it/71E,3
2020-01-28,It Follows,2014,https://boxd.it/87wo,3
2020-01-28,American History X,1998,https://boxd.it/2bdo,3.5
2020-01-28,Memento,2000,https://boxd.it/2bcK,4.5
2020-01-28,The Machinist,2004,https://boxd.it/248c,3
2020-01-28,Control,2007,https://boxd.it/22IC,4
2020-01-28,Happiness,1998,https://boxd.it/1VEe,3.5
2020-01-28,The Disaster Artist,2017,https://boxd.it/cTqc,3
2020-01-28,The Two Popes,2019,https://boxd.it/k8Xk,3
2020-01-28,Logan,2017,https://boxd.it/7Piy,4
2020-01-28,The Revenant,2015,https://boxd.it/8H5e,3
2020-01-28,Kingsman: The Secret Service,2014,https://boxd.it/6dxe,3
2020-01-28,Shutter Island,2010,https://boxd.it/1U82,4
2020-01-28,The Intouchables,2011,https://boxd.it/2FT0,3.5
2020-01-28,Eternal Sunshine of the Spotless Mind,2004,https://boxd.it/6YK,4
2020-01-28,The Royal Tenenbaums,2001,https://boxd.it/1YHU,4
2020-01-28,"O Brother, Where Art Thou?",2000,https://boxd.it/2b3I,3.5
2020-01-28,(500) Days of Summer,2009,https://boxd.it/1EmM,4
2020-01-28,Kill Bill: The Whole Bloody Affair,2004,https://boxd.it/eCrQ,3.5
2020-01-28,Che: Part One,2008,https://boxd.it/1ZGe,3.5
2020-01-28,The Silence of the Lambs,1991,https://boxd.it/2aHW,4
2020-01-28,Back to the Future,1985,https://boxd.it/2b8e,4.5
2020-01-28,Back to the Future Part II,1989,https://boxd.it/2aYI,4
2020-01-28,Back to the Future Part III,1990,https://boxd.it/2aTS,3.5
2020-01-28,Marriage Story,2019,https://boxd.it/hJAw,3
2020-01-28,The Irishman,2019,https://boxd.it/dYOq,4
2020-01-28,El Angel,2018,https://boxd.it/ilA0,3.5
2020-04-16,Dead Poets Society,1989,https://boxd.it/2aSg,3
2020-04-16,The Green Mile,1999,https://boxd.it/2agG,3.5
2020-04-16,The Platform,2019,https://boxd.it/mUm6,2.5
2020-04-16,The Social Network,2010,https://boxd.it/17ue,3
2020-04-16,Rocketman,2019,https://boxd.it/iehK,2.5
2020-04-16,The Imitation Game,2014,https://boxd.it/6aig,3.5
2020-04-16,Moonrise Kingdom,2012,https://boxd.it/2Wng,4.5
2020-04-16,Trainspotting,1996,https://boxd.it/29XY,5
2020-04-16,Taxi Driver,1976,https://boxd.it/2b8y,4
2020-04-16,Parasite,2019,https://boxd.it/hTha,5
2020-04-16,The Neon Demon,2016,https://boxd.it/9AnW,2
2020-04-16,Psycho,1960,https://boxd.it/2ab2,4
2020-04-16,Reservoir Dogs,1992,https://boxd.it/2agc,4
2020-04-16,Catch Me If You Can,2002,https://boxd.it/29VS,4
2020-04-16,Saving Private Ryan,1998,https://boxd.it/29ro,4
2020-04-16,Sully,2016,https://boxd.it/cD8Q,3
2020-04-16,Captain Phillips,2013,https://boxd.it/3GPK,3
2020-04-16,The Terminal,2004,https://boxd.it/2a2O,4
2020-04-16,Ready Player One,2018,https://boxd.it/aZes,3
2020-04-16,Big Eyes,2014,https://boxd.it/36ms,3
2020-04-16,A Clockwork Orange,1971,https://boxd.it/2aVE,4.5
2020-04-17,Guardians of the Galaxy,2014,https://boxd.it/3VH2,3.5
2020-04-17,Booksmart,2019,https://boxd.it/igNS,2
2020-05-03,Bird Box,2018,https://boxd.it/eh1i,2
2020-05-03,Split,2016,https://boxd.it/dgSy,3
2020-05-03,Birdman or (The Unexpected Virtue of Ignorance),2014,https://boxd.it/5RFA,4.5
2020-05-03,My Neighbor Totoro,1988,https://boxd.it/20eA,4
2020-05-03,Castle in the Sky,1986,https://boxd.it/1W4G,4
2020-05-03,Ocean Waves,1993,https://boxd.it/1CtQ,2
2020-05-04,Fight Club,1999,https://boxd.it/2a9q,5
2020-05-04,The Prestige,2006,https://boxd.it/293w,4
2020-05-04,Death in Buenos Aires,2014,https://boxd.it/9oYc,3
2020-05-04,Dawn of the Planet of the Apes,2014,https://boxd.it/3XyQ,3
2020-05-04,War for the Planet of the Apes,2017,https://boxd.it/8FE2,3
2020-05-04,Rise of the Planet of the Apes,2011,https://boxd.it/cS4,3
2020-05-05,Gone Girl,2014,https://boxd.it/6hQu,4
2020-05-09,Green Book,2018,https://boxd.it/hErk,3.5
2020-06-11,The Godfather,1972,https://boxd.it/2aNK,4.5
2020-06-12,The Godfather Part II,1974,https://boxd.it/2aNq,5
2020-06-14,Knives Out,2019,https://boxd.it/jWEA,4
2020-06-16,Casino,1995,https://boxd.it/2ads,4.5
2020-06-19,Your Name.,2016,https://boxd.it/cUqs,4.5
2020-06-19,Weathering with You,2019,https://boxd.it/kPxE,3
2020-06-19,Before Sunset,2004,https://boxd.it/2bcg,4
2020-06-21,Babel,2006,https://boxd.it/292o,3.5
2020-06-22,The Conjuring 2,2016,https://boxd.it/7GJg,3
2020-06-22,The Conjuring,2013,https://boxd.it/4sr2,3
2020-06-23,Midsommar,2019,https://boxd.it/jhxe,2.5
2020-06-24,The Girl with the Dragon Tattoo,2011,https://boxd.it/2Pa,4.5
2020-06-30,Ouija,2014,https://boxd.it/77SM,0.5
2020-06-30,The Heist of the Century,2020,https://boxd.it/mvuY,2.5
2020-07-01,Don't F**k with Cats: Hunting an Internet Killer,2019,https://boxd.it/oqjq,3
2020-07-01,The Lion King,2019,https://boxd.it/eSjI,1.5
2020-07-03,Eli,2019,https://boxd.it/hn4S,1.5
2020-07-05,BlacKkKlansman,2018,https://boxd.it/hxL8,4
2020-07-13,1922,2017,https://boxd.it/g8CS,2
2020-07-13,After,2019,https://boxd.it/jBb8,0.5
2020-07-19,Black Mirror: The National Anthem,2011,https://boxd.it/hQYK,3.5
2020-07-19,Black Mirror: Be Right Back,2013,https://boxd.it/hRpw,3
2020-07-19,Black Mirror: White Christmas,2014,https://boxd.it/B3qu,4
2020-07-19,Black Mirror: Bandersnatch,2018,https://boxd.it/kTDG,3
2020-07-23,Chinese Take-Away,2011,https://boxd.it/2eGy,3.5
2020-07-27,The Kissing Booth 2,2020,https://boxd.it/lrky,0.5
2020-07-28,"Paris, Texas",1984,https://boxd.it/29Ts,4.5
2020-07-29,The Thing,1982,https://boxd.it/294O,4
2020-07-30,Schindler's List,1993,https://boxd.it/2aq2,4
2020-07-30,Creep 2,2017,https://boxd.it/dSEO,3.5
2020-07-31,Snatch,2000,https://boxd.it/2b7U,4.5
2020-07-31,Natural Born Killers,1994,https://boxd.it/2aNg,3.5
2020-07-31,Corpse Bride,2005,https://boxd.it/24WQ,4
2020-07-31,The Blair Witch Project,1999,https://boxd.it/26ua,2
2020-07-31,Seven Psychopaths,2012,https://boxd.it/34PW,3
2020-08-01,The Impossible,2012,https://boxd.it/2N9k,3.5
2020-08-01,The Killing of a Sacred Deer,2017,https://boxd.it/dZ5G,3.5
2020-08-03,Steve Jobs,2015,https://boxd.it/araG,3.5
2020-08-03,The Grand Budapest Hotel,2014,https://boxd.it/3ZqO,4.5
2020-08-03,Shrek,2001,https://boxd.it/29zi,5
2020-08-03,"Monsters, Inc.",2001,https://boxd.it/2a46,5
2020-08-04,Funny Games,1997,https://boxd.it/1WKM,4
2020-08-06,How to Talk to Girls at Parties,2017,https://boxd.it/bo80,2.5
2020-08-06,Good Will Hunting,1997,https://boxd.it/2ahY,4
2020-08-06,A Ghost Story,2017,https://boxd.it/fb0K,3.5
2020-08-06,Requiem for a Dream,2000,https://boxd.it/29VI,4
2020-08-06,Zodiac,2007,https://boxd.it/27MO,4
2020-08-06,Da 5 Bloods,2020,https://boxd.it/lnXw,3.5
2020-08-11,Princess Mononoke,1997,https://boxd.it/2b4w,5
2020-08-11,Pulp Fiction,1994,https://boxd.it/29Pq,4
2020-08-11,Donnie Darko,2001,https://boxd.it/2b2A,4
2020-08-12,Fargo,1996,https://boxd.it/2aHM,4
2020-08-14,Birds of Prey (and the Fantabulous Emancipation of One Harley Quinn),2020,https://boxd.it/hSyO,2.5
2020-08-31,Wild Tales,2014,https://boxd.it/7UmK,4.5
2020-09-01,Maggie,2015,https://boxd.it/8Vfi,3
2020-09-05,Boyz n the Hood,1991,https://boxd.it/29Ug,4
2020-09-09,I'm Thinking of Ending Things,2020,https://boxd.it/i4IQ,3.5
2020-09-09,Son of the Mask,2005,https://boxd.it/1WNQ,0.5
2020-09-09,Slumdog Millionaire,2008,https://boxd.it/1S3E,4
2020-09-28,Prisoners,2013,https://boxd.it/4E5i,4.5
2020-10-05,The Usual Suspects,1995,https://boxd.it/29XE,4
2020-10-14,Blue Velvet,1986,https://boxd.it/29BI,4.5
2020-10-23,War Dogs,2016,https://boxd.it/9SlO,3.5
2020-10-24,Fallen Angels,1995,https://boxd.it/1UkW,5
2021-01-14,Enemy,2013,https://boxd.it/5xtO,4
2021-01-16,Mank,2020,https://boxd.it/mIuC,3
2021-01-16,Carnage,2011,https://boxd.it/2peU,4
2021-01-17,Irreversible,2002,https://boxd.it/29as,4.5
2021-01-18,Good Time,2017,https://boxd.it/fcFu,3.5
2021-01-22,The Lobster,2015,https://boxd.it/7tnw,4.5
2021-01-26,Euphoria: F*ck Anyone Who’s Not a Sea Blob,2021,https://boxd.it/tMkU,4.5
2021-02-04,Eerie,2018,https://boxd.it/iX84,2
2021-02-12,Elite Squad,2007,https://boxd.it/20YI,3.5
2021-02-25,You Were Never Really Here,2017,https://boxd.it/dWOS,4
2021-03-07,Manchester by the Sea,2016,https://boxd.it/b2L0,3.5
2021-03-10,Rent-A-Pal,2020,https://boxd.it/qswq,3
2021-03-12,Blade Runner,1982,https://boxd.it/2bcA,3
2021-03-16,Suspiria,1977,https://boxd.it/1SNW,4
2021-04-08,Perfect Blue,1997,https://boxd.it/1W7A,5
2021-04-08,GoodFellas,1990,https://boxd.it/29FA,4.5
2021-04-08,The Invisible Guest,2016,https://boxd.it/euce,3.5
2021-04-08,Arrival,2016,https://boxd.it/aNGk,3
2021-04-11,Shoplifters of the World,2021,https://boxd.it/f6Bm,2.5
2021-05-01,After.Life,2009,https://boxd.it/1aAY,1.5
2021-06-06,Raw,2016,https://boxd.it/dLd2,2.5
2021-06-06,Hacksaw Ridge,2016,https://boxd.it/azew,3
2021-06-07,Paprika,2006,https://boxd.it/23wW,4
2021-06-21,Joker,2019,https://boxd.it/h4cS,2.5
2021-06-21,Dog Day Afternoon,1975,https://boxd.it/29bg,4
2021-08-20,Closer,2004,https://boxd.it/270K,2.5
2021-09-01,Ex Machina,2015,https://boxd.it/7T2k,3.5
2021-09-01,Another Round,2020,https://boxd.it/lkba,3.5
2021-10-05,Squid Game,2021,https://boxd.it/x1OG,2.5
2021-10-05,Halloween,1978,https://boxd.it/2wRu,4
2021-10-06,"Sweetie, You Won't Believe It",2020,https://boxd.it/pr4S,3
2021-10-09,Heroic Losers,2019,https://boxd.it/lXFS,3
2021-10-09,There Will Be Blood,2007,https://boxd.it/20Z2,4
2021-10-12,Akira,1988,https://boxd.it/2b1i,5
2021-10-23,The Guilty,2021,https://boxd.it/kOPW,3
2021-11-06,Meet Joe Black,1998,https://boxd.it/2aEI,3.5
2021-12-01,The Pianist,2002,https://boxd.it/2aqc,4.5
2021-12-01,La Haine,1995,https://boxd.it/2as8,5
2021-12-04,Before Sunrise,1995,https://boxd.it/2bcU,5
2021-12-08,Ghost in the Shell,1995,https://boxd.it/1YYc,4
2021-12-14,The Witch,2015,https://boxd.it/9X0m,4.5
2021-12-18,The Power of the Dog,2021,https://boxd.it/m99E,2.5
2021-12-21,The Shawshank Redemption,1994,https://boxd.it/2aHi,4
2021-12-22,"tick, tick... BOOM!",2021,https://boxd.it/jz2e,3
2021-12-24,Heat,1995,https://boxd.it/2bg8,3.5
2022-01-06,Apostle,2018,https://boxd.it/f0so,3
2022-02-19,Don't Look Up,2021,https://boxd.it/o0Hc,3
2022-02-19,Buffalo '66,1998,https://boxd.it/1YC6,2
2022-03-16,In the Mood for Love,2000,https://boxd.it/29tE,4.5
2022-05-25,Drive,2011,https://boxd.it/IG,4.5
2022-05-27,Blade Runner 2049,2017,https://boxd.it/b8wK,4.5
2022-06-12,Batman: Under the Red Hood,2010,https://boxd.it/11eE,4
2022-07-16,Howl's Moving Castle,2004,https://boxd.it/23De,4.5
2022-07-16,Kiki's Delivery Service,1989,https://boxd.it/1JAY,4
2022-07-27,The Gray Man,2022,https://boxd.it/rb7q,2
2022-08-12,The Lighthouse,2019,https://boxd.it/icFU,4.5
2022-08-15,The Black Phone,2021,https://boxd.it/sqFE,2.5
2022-10-07,The Batman,2022,https://boxd.it/eDGs,4.5
2022-10-09,Argentina 1985,2022,https://boxd.it/qLxM,4.5
2023-01-05,Pearl,2022,https://boxd.it/zPbe,4
2023-01-10,Where the Heart Is,2000,https://boxd.it/1VWM,3.5
2023-05-17,Everything Everywhere All at Once,2022,https://boxd.it/jUk4,4
2023-06-05,The Master,2012,https://boxd.it/2cBG,2
2023-06-07,Moonlight,2016,https://boxd.it/d6bE,4
2023-06-25,The Hateful Eight,2015,https://boxd.it/8gw8,3.5
2023-06-25,Lady Bird,2017,https://boxd.it/dGNE,3
2023-06-25,Glass Onion,2022,https://boxd.it/oCkK,3
2023-06-25,Her,2013,https://boxd.it/4O24,4
2023-06-25,Last Night in Soho,2021,https://boxd.it/lbJC,2
2023-06-25,mother!,2017,https://boxd.it/dgRU,3.5
2023-06-25,Creep,2014,https://boxd.it/7l4c,3.5
2023-07-13,1408,2007,https://boxd.it/25Vu,2
2023-07-26,Oppenheimer,2023,https://boxd.it/wUow,4
2023-08-20,Lars and the Real Girl,2007,https://boxd.it/21tG,4
2023-08-30,The Nice Guys,2016,https://boxd.it/94Hg,3.5
2023-08-30,Goodnight Mommy,2022,https://boxd.it/uGgk,1.5
2023-08-30,What We Do in the Shadows,2014,https://boxd.it/7eQy,4.5
2023-09-28,Sidewalls,2011,https://boxd.it/2EiM,3
2023-09-29,Nightcrawler,2014,https://boxd.it/780m,4
2023-10-09,Talk to Me,2022,https://boxd.it/C6uQ,3.5
2023-10-17,All About My Mother,1999,https://boxd.it/2b9c,4.5
2023-10-22,Strange Way of Life,2023,https://boxd.it/Aomw,2.5
2023-10-25,The Ballad of Buster Scruggs,2018,https://boxd.it/jB2q,3
2023-10-29,Killers of the Flower Moon,2023,https://boxd.it/gHp0,4
2023-10-31,Midnight in Paris,2011,https://boxd.it/i4a,3.5
2023-10-31,Forgotten,2017,https://boxd.it/hAJE,3
2023-11-01,Countdown,2019,https://boxd.it/m83K,1
2023-11-07,Saw II,2005,https://boxd.it/2aRs,4
2023-11-07,Saw,2004,https://boxd.it/2aWW,3
2023-11-11,The Motorcycle Diaries,2004,https://boxd.it/28nU,2.5
2023-11-11,After Earth,2013,https://boxd.it/2TSg,0.5
2023-11-11,The Last Airbender,2010,https://boxd.it/1WQK,0.5
2023-11-11,Old,2021,https://boxd.it/npKI,0.5
2023-11-13,When Evil Lurks,2023,https://boxd.it/rXBe,4.5
2023-12-09,The Killer,2023,https://boxd.it/u6WE,4
2023-12-17,Napoleon,2023,https://boxd.it/shJM,3
2023-12-24,Smile,2022,https://boxd.it/xjfE,3.5
2023-12-24,Barbarian,2022,https://boxd.it/yohi,3.5
2023-12-29,V/H/S/2,2013,https://boxd.it/4Ysw,3.5
2023-12-29,V/H/S,2012,https://boxd.it/2Y1c,1.5
2023-12-31,BEEF,2023,https://boxd.it/FPsm,4.5
2024-01-01,Nine Queens,2000,https://boxd.it/1HBA,4.5
2024-01-03,The Hunger Games: The Ballad of Songbirds & Snakes,2023,https://boxd.it/pZCY,3.5
2024-01-04,Leaving Neverland,2019,https://boxd.it/l53U,0.5
2024-01-07,Brick,2005,https://boxd.it/1Z6A,3
2024-01-09,Mommy Dead and Dearest,2017,https://boxd.it/fzs4,3
2024-01-21,Priscilla,2023,https://boxd.it/Cz3k,2
2024-01-22,Poor Things,2023,https://boxd.it/tNWU,4
2024-01-28,Being John Malkovich,1999,https://boxd.it/2ahu,4
2024-02-13,12 Angry Men,1957,https://boxd.it/2auI,5
2024-02-18,The Banshees of Inisherin,2022,https://boxd.it/p7XS,3.5
2024-02-22,The Worst Person in the World,2021,https://boxd.it/oyws,1.5
2024-02-28,Anatomy of a Fall,2023,https://boxd.it/yuDE,4
2024-03-21,The Holdovers,2023,https://boxd.it/vHza,4
2024-03-25,Mary and Max,2009,https://boxd.it/1y2m,4.5
2024-03-30,Infinity Pool,2023,https://boxd.it/oPSK,1.5
2024-04-01,Vengeance,2022,https://boxd.it/pu7U,3.5
2024-04-01,Mommy,2014,https://boxd.it/7Uau,3.5
2024-04-07,The Florida Project,2017,https://boxd.it/dMG0,4
2024-04-07,Portrait of a Lady on Fire,2019,https://boxd.it/jkPq,3
2024-04-07,Ghostland,2018,https://boxd.it/h5Uw,3.5
2024-04-08,Anomalisa,2015,https://boxd.it/97TE,3
2024-04-23,I Spit on Your Grave,2010,https://boxd.it/Tbs,0.5
2024-04-23,Scarface,1983,https://boxd.it/2b7g,4.5
2024-04-23,The Empire Strikes Back,1980,https://boxd.it/27Vw,4.5
2024-04-23,Fantastic Mr. Fox,2009,https://boxd.it/1WyQ,4.5
2024-04-24,Rope,1948,https://boxd.it/28yo,4
2024-04-24,Eyes Wide Shut,1999,https://boxd.it/2axs,3.5
2024-05-10,Star Wars: Episode I – The Phantom Menace,1999,https://boxd.it/27Vc,3.5
2024-05-10,"South Park: Bigger, Longer & Uncut",1999,https://boxd.it/1YAO,4.5
2024-05-10,Star Wars: The Force Awakens,2015,https://boxd.it/4vru,3.5
2024-05-10,Star Wars: Episode III – Revenge of the Sith,2005,https://boxd.it/27US,4.5
2024-05-13,Clue,1985,https://boxd.it/1MDQ,4
2024-05-14,South Park: Post COVID,2021,https://boxd.it/wYnW,4
2024-05-14,South Park: Post COVID: The Return of COVID,2021,https://boxd.it/wYo6,4
2024-05-23,A Good Day,2010,https://boxd.it/f0AC,5
2024-05-25,Little Children,2006,https://boxd.it/28Ka,3.5
2024-05-26,The Last Temptation of Christ,1988,https://boxd.it/1ULe,4
2024-05-26,Sicario,2015,https://boxd.it/8i7u,4
2024-05-29,Bones and All,2022,https://boxd.it/tLd4,3
2024-06-10,Mad Max: Fury Road,2015,https://boxd.it/2DjO,4.5
2024-06-11,A Grand Day Out,1989,https://boxd.it/2acu,4
2024-06-13,Three Identical Strangers,2018,https://boxd.it/hDNO,3.5
2024-06-17,Martyrs,2008,https://boxd.it/1Yqu,4
2024-06-24,Days of Vinyl,2012,https://boxd.it/6rZ2,3.5
2024-07-02,The Big Lebowski,1998,https://boxd.it/2b6C,4
2024-07-02,Nocturnal Animals,2016,https://boxd.it/bkFu,3.5
2024-07-04,Los ganadores,2016,https://boxd.it/gmt6,3
2024-07-09,Jackie Brown,1997,https://boxd.it/2aVO,3.5
2024-07-11,Platoon,1986,https://boxd.it/29BS,4
2024-07-15,Boogie Nights,1997,https://boxd.it/23um,2.5
2024-07-16,Star Wars,1977,https://boxd.it/72s,4
2024-07-20,Late Night with the Devil,2023,https://boxd.it/zo6G,3.5
2024-07-22,"Love, Lies",2016,https://boxd.it/dqrC,2.5
2024-07-22,Love Lies Bleeding,2024,https://boxd.it/zN4q,2.5
2024-07-22,Terrified,2017,https://boxd.it/hCyy,3.5
2024-07-22,Juno,2007,https://boxd.it/210a,3.5
2024-07-22,Dragonball Evolution,2009,https://boxd.it/1ODy,0.5
2024-07-24,Stop Making Sense,1984,https://boxd.it/1ygo,5
2024-07-29,Rear Window,1954,https://boxd.it/2a6Q,4
2024-08-03,MaXXXine,2024,https://boxd.it/CIM4,3.5
2024-08-05,The Distinguished Citizen,2016,https://boxd.it/enGc,3.5
2024-08-12,Talk to Her,2002,https://boxd.it/2beG,4
2024-08-18,Trap,2024,https://boxd.it/D4nK,3
2024-08-18,Game Night,2018,https://boxd.it/fRtu,3.5
2024-08-25,3 Women,1977,https://boxd.it/YPs,2
2024-08-27,Signs,2002,https://boxd.it/26t2,3.5
2024-09-09,Deadpool & Wolverine,2024,https://boxd.it/jq8s,3.5
2024-09-15,Zootopia,2016,https://boxd.it/84xS,1
2024-09-18,Kinds of Kindness,2024,https://boxd.it/CWPw,3
2024-09-24,Babylon,2022,https://boxd.it/mM02,4
2024-10-12,Joker: Folie à Deux,2024,https://boxd.it/xBoE,1.5
2024-10-19,Crash,1996,https://boxd.it/29n2,3
2024-10-20,Smile 2,2024,https://boxd.it/FDA4,3.5
2024-10-31,Terrifier,2016,https://boxd.it/eRzg,2.5
2024-11-04,The Full Monty,1997,https://boxd.it/1YI4,4
2024-11-05,The Substance,2024,https://boxd.it/zanS,3
2024-11-09,Woman of the Hour,2023,https://boxd.it/vuz2,3.5
2024-11-23,Reality+,2014,https://boxd.it/cIEC,2.5
2024-12-07,A Silent Voice: The Movie,2016,https://boxd.it/d99c,3.5
2024-12-07,28 Days Later,2002,https://boxd.it/2aXU,3.5
2024-12-13,History of the Occult,2020,https://boxd.it/o7Ho,3.5
2024-12-13,Queer,2024,https://boxd.it/E4RW,3
2025-01-02,Zoolander,2001,https://boxd.it/1YMA,5
2025-01-12,The Beast,2023,https://boxd.it/yqmk,2.5
2025-01-12,Lady Vengeance,2005,https://boxd.it/248G,4.5
2025-01-14,Hot Fuzz,2007,https://boxd.it/2416,2.5
2025-01-21,Minority Report,2002,https://boxd.it/2aWi,3.5
2025-01-21,A Real Pain,2024,https://boxd.it/CjNG,3.5
2025-01-25,Spider-Man: No Way Home,2021,https://boxd.it/nwRw,3.5
2025-02-02,Anora,2024,https://boxd.it/Egcw,4
2025-02-04,My Fault,2023,https://boxd.it/CcDk,0.5
2025-02-04,Companion,2025,https://boxd.it/F04o,2
2025-02-07,Mulholland Drive,2001,https://boxd.it/297o,5
2025-02-09,Sin City,2005,https://boxd.it/2aVk,4
2025-02-16,Bullet Train,2022,https://boxd.it/qW26,3
2025-02-16,Look Back,2024,https://boxd.it/LjA6,3
2025-02-18,Triangle of Sadness,2022,https://boxd.it/hXlq,3.5
2025-02-19,Blink Twice,2024,https://boxd.it/vIOg,2.5
2025-02-21,Legend,2015,https://boxd.it/8qZY,3
2025-03-01,You Don't Mess with the Zohan,2008,https://boxd.it/1VHs,4
2025-03-03,Gosford Park,2001,https://boxd.it/239e,2.5
2025-03-25,Revanche,2008,https://boxd.it/1MdS,4
2025-03-25,Jacob's Ladder,1990,https://boxd.it/270g,4
2025-04-05,Misery,1990,https://boxd.it/28gY,4
2025-04-05,No Country for Old Men,2007,https://boxd.it/21ew,4.5
2025-04-05,Lost in Translation,2003,https://boxd.it/2b0E,3.5
2025-04-05,Guardians of the Galaxy Vol. 3,2023,https://boxd.it/fVNI,3.5
2025-04-05,X,2022,https://boxd.it/sxVa,3
2025-04-11,Mickey 17,2025,https://boxd.it/q1Dk,4
2025-04-13,Monkey Kingdom,2015,https://boxd.it/9m0Y,5
2025-04-14,Flies,2023,https://boxd.it/IEXk,3.5
2025-04-21,The Texas Chain Saw Massacre,1974,https://boxd.it/1lcS,4
2025-04-23,Conclave,2024,https://boxd.it/AO8q,4
2025-04-25,The Matrix,1999,https://boxd.it/2a1m,4.5
2025-05-05,Mishima: A Life in Four Chapters,1985,https://boxd.it/1sBA,4.5
2025-05-10,Forrest Gump,1994,https://boxd.it/728,4.5
2025-05-10,The Secret in Their Eyes,2009,https://boxd.it/1vWw,5
2025-05-14,Memoir of a Snail,2024,https://boxd.it/EgX8,4.5
2025-05-17,Unforgiven,1992,https://boxd.it/6Z4,3
2025-05-18,Little Miss Sunshine,2006,https://boxd.it/29EW,4.5
2025-05-25,Memories of Murder,2003,https://boxd.it/1TSo,4.5
2025-05-29,The Monkey,2025,https://boxd.it/Gwiu,2.5
2025-05-30,I Saw the Devil,2010,https://boxd.it/FaK,4.5
2025-05-30,Brokeback Mountain,2005,https://boxd.it/2b2q,4.5
2025-05-30,Challengers,2024,https://boxd.it/zld0,4.5
2025-05-31,Final Destination Bloodlines,2025,https://boxd.it/l5y4,3
2025-05-31,Tape,2001,https://boxd.it/1yCu,4
2025-06-10,The Aura,2005,https://boxd.it/1PHQ,4
2025-06-14,Lost Highway,1997,https://boxd.it/29Wc,4
2025-06-15,Maniac,2018,https://boxd.it/jX9y,3.5
2025-06-26,The Conformist,1970,https://boxd.it/20cE,4
2025-06-30,Dogtooth,2009,https://boxd.it/158K,4
2025-06-30,Happy Together,1997,https://boxd.it/1Ha0,5
2025-07-03,Possession,1981,https://boxd.it/1BPm,4
2025-07-04,Cure,1997,https://boxd.it/1blA,5
2025-07-04,Oldboy,2003,https://boxd.it/29R2,5
2025-07-04,Retribution,2006,https://boxd.it/NO4,4.5
2025-07-08,Gran Torino,2008,https://boxd.it/1Qzy,3.5
2025-07-08,The House That Jack Built,2018,https://boxd.it/dWO4,4.5
2025-07-08,Atonement,2007,https://boxd.it/24ui,3
2025-07-08,Love Exposure,2008,https://boxd.it/1pDe,5
2025-07-08,Licorice Pizza,2021,https://boxd.it/qTKY,3
2025-07-08,The Breakfast Club,1985,https://boxd.it/27q4,3.5
2025-07-10,He's All That,2021,https://boxd.it/bFbA,1
2025-07-20,Mind Game,2004,https://boxd.it/1Bv2,5
2025-07-22,All About Lily Chou-Chou,2001,https://boxd.it/1JP0,4.5
2025-07-23,1978,2024,https://boxd.it/Napi,2
2025-07-25,The Man from Earth,2007,https://boxd.it/1Ql2,3.5
2025-07-30,Superman,2025,https://boxd.it/E9IU,4
2025-08-12,After Hours,1985,https://boxd.it/1VfS,4
2025-08-15,Moebius,1996,https://boxd.it/13Vg,4
2025-09-06,Into the Abyss,2022,https://boxd.it/yxlS,2
2025-09-07,Extraordinary Stories,2008,https://boxd.it/3JF4,4.5
2025-09-13,Pusher,1996,https://boxd.it/27wG,4
2025-09-19,Pusher II,2004,https://boxd.it/1U7y,4
2025-09-23,Stephanie,2005,https://boxd.it/hltG,0.5
2025-09-28,The Vanishing,1988,https://boxd.it/1ZTW,4
2025-09-30,One Battle After Another,2025,https://boxd.it/DUHM,4.5
2025-10-11,Take Me to the River,2015,https://boxd.it/9Uay,2.5
2025-10-15,The Suicide Squad,2021,https://boxd.it/fw6O,3.5
2025-10-15,The Game,1997,https://boxd.it/26vC,4
2025-10-29,Magnolia,1999,https://boxd.it/2aze,4.5
2025-11-03,Scooby-Doo,2002,https://boxd.it/1YaQ,3
2025-11-03,Spring Breakers,2012,https://boxd.it/421s,3
2025-11-08,The Last One for the Road,2025,https://boxd.it/UbvU,4.5
2025-11-08,A Useful Ghost,2025,https://boxd.it/Qy4O,2
2025-11-09,Suzaki Paradise: Red Light District,1956,https://boxd.it/47wA,3.5
2025-11-09,Kiss of the Spider Woman,2025,https://boxd.it/K6Ag,3.5
2025-11-09,Rosaura at 10 O'Clock,1958,https://boxd.it/4com,4
2025-11-10,The Last Viking,2025,https://boxd.it/NqyK,3.5
2025-11-10,Calle Malaga,2025,https://boxd.it/RPZ0,4
2025-11-15,Incendies,2010,https://boxd.it/Msm,5
2025-11-15,The Warriors,1979,https://boxd.it/1TLC,5
2025-11-15,Enter the Void,2009,https://boxd.it/1dy2,3.5
2025-11-15,"LaRoy, Texas",2023,https://boxd.it/BRJQ,3.5
2025-11-15,Todo el año es Navidad,2018,https://boxd.it/kvTU,4.5
2025-11-15,Spider-Man: Across the Spider-Verse,2023,https://boxd.it/kSz4,3.5
2025-11-15,Gravity,2013,https://boxd.it/GZY,2.5
2025-11-15,Sing Street,2016,https://boxd.it/cOo6,3
2025-11-15,The Great Gatsby,2013,https://boxd.it/JY,3
2025-11-15,Inception,2010,https://boxd.it/1skk,3.5
2025-11-15,The Life Aquatic with Steve Zissou,2004,https://boxd.it/2aqw,2.5
2025-11-15,City of God,2002,https://boxd.it/2a2a,4.5
2025-11-15,Climax,2018,https://boxd.it/ikvo,3.5
2025-11-18,Frankenstein,2025,https://boxd.it/Ecsg,2
2025-11-21,House,1977,https://boxd.it/1vsm,4
2025-11-26,Die My Love,2025,https://boxd.it/D5cI,2.5
2025-12-02,Scott Pilgrim vs. the World,2010,https://boxd.it/1Aq6,4.5
2025-12-02,Whiplash,2014,https://boxd.it/7bQA,4
2025-12-06,Gunman,2025,https://boxd.it/TGZk,4
2025-12-13,Bugonia,2025,https://boxd.it/qeWY,4
2025-12-19,The Lord of the Rings: The Fellowship of the Ring,2001,https://boxd.it/2b5O,4.5
2025-12-20,Full Metal Jacket,1987,https://boxd.it/2a1Q,4
2025-12-22,Weapons,2025,https://boxd.it/EMTM,3.5
2025-12-26,Cuckoo,2024,https://boxd.it/wMjI,3.5
2025-12-30,Jackass: The Movie,2002,https://boxd.it/1Zo0,3
2026-01-03,The Lord of the Rings: The Two Towers,2002,https://boxd.it/2b5E,4.5
2026-01-05,Phantom of the Paradise,1974,https://boxd.it/1s34,5
2026-01-05,The South,1988,https://boxd.it/Mnc,4
2026-01-05,Eternity,2025,https://boxd.it/LYtK,2.5
2026-01-06,"The Good, the Bad and the Ugly",1966,https://boxd.it/2ape,4.5
2026-01-07,Spree,2020,https://boxd.it/oiiO,2.5
2026-01-08,Chime,2024,https://boxd.it/KiS2,4
2026-01-09,The Ugly Stepsister,2025,https://boxd.it/MZBM,3
2026-01-14,28 Years Later,2025,https://boxd.it/FEGM,3
2026-01-14,Shiva Baby,2020,https://boxd.it/oIv0,3.5
2026-01-16,Los visionadores,2021,https://boxd.it/uiNu,3
2026-01-18,Marty Supreme,2025,https://boxd.it/Off0,4.5
2026-01-19,La Chimera,2023,https://boxd.it/vzVi,3.5
2026-01-20,Homo Argentum,2025,https://boxd.it/Uzoo,2
2026-01-20,Buscando a Reynols,2005,https://boxd.it/77Ca,3.5
2026-01-21,Silvia Prieto,1999,https://boxd.it/EI2,4
2026-01-23,Uncut Gems,2019,https://boxd.it/gXGc,4
2026-01-25,Get Out,2017,https://boxd.it/eOCm,3.5
2026-01-27,Mikey and Nicky,1976,https://boxd.it/iL4,4
2026-01-28,The Virgin of the Quarry Lake,2025,https://boxd.it/wAJ0,3.5
2026-02-06,Silent Hill,2006,https://boxd.it/2a3C,3
2026-02-12,Hamnet,2025,https://boxd.it/woVy,3.5
2026-02-16,Django Unchained,2012,https://boxd.it/2cCk,5
2026-02-17,No Other Choice,2025,https://boxd.it/nKiA,4
2026-02-17,Chinatown,1974,https://boxd.it/29vU,4
2026-02-21,Cloud,2024,https://boxd.it/LhR0,4
2026-02-21,Tetsuo: The Iron Man,1989,https://boxd.it/ZoM,3.5
2026-02-21,Casablanca,1942,https://boxd.it/2aG0,4
2026-02-22,Magic Farm,2025,https://boxd.it/NZAm,4.5
2026-02-23,Fallen Leaves,2023,https://boxd.it/Bgew,3
2026-02-23,Interstella 5555: The 5tory of the 5ecret 5tar 5ystem,2003,https://boxd.it/1ULy,4
2026-03-02,The Moment,2026,https://boxd.it/SCkg,3.5
2026-03-02,The Secret Agent,2025,https://boxd.it/KkUE,4
2026-03-10,Casino Royale,2006,https://boxd.it/1alk,3.5
2026-03-10,Kill Bill: Vol. 1,2003,https://boxd.it/70w,4.5
2026-03-10,Kill Bill: Vol. 2,2004,https://boxd.it/2au4,4
2026-03-13,Splendor,1999,https://boxd.it/1cLE,2.5
2026-03-13,The Doom Generation,1995,https://boxd.it/1PVe,3.5
2026-03-24,The Lord of the Rings: The Return of the King,2003,https://boxd.it/2b5u,5
2026-03-26,House of Gucci,2021,https://boxd.it/nVkC,2
2026-03-26,T2 Trainspotting,2017,https://boxd.it/5vTA,3.5
2026-03-30,License to Live,1998,https://boxd.it/IGY,3.5
2026-03-31,Kill the Jockey,2024,https://boxd.it/FNA4,3.5
2026-04-03,Dead Set,2008,https://boxd.it/5ppu,3.5
2026-04-05,Perfect Days,2023,https://boxd.it/ATh8,4.5
2026-04-08,Project Hail Mary,2026,https://boxd.it/pEeQ,4
2026-04-13,Electric Dragon 80000V,2001,https://boxd.it/1sew,4
2026-04-14,Once Upon a Time... in Hollywood,2019,https://boxd.it/gH0O,3.5
2026-04-14,American Psycho,2000,https://boxd.it/28Vs,4.5
2026-04-17,Rubber's Lover,1996,https://boxd.it/J4G,3.5
2026-04-18,Hostage,2005,https://boxd.it/27Bc,2.5
2026-04-18,Five Nights at Freddy's,2023,https://boxd.it/ikHu,1.5
2026-04-19,The Drama,2026,https://boxd.it/OA2w,4
2026-04-24,Audition,1999,https://boxd.it/1UHm,4
2026-04-24,Baby Assassins,2021,https://boxd.it/vXei,3.5
2026-04-25,The Dinner,1974,https://boxd.it/4qwk,3
2026-04-25,Orfeo,2025,https://boxd.it/WrYi,3.5
2026-04-27,Taxidermia,2006,https://boxd.it/1LBO,4
2026-05-02,Chronicles of a Wandering Saint,2023,https://boxd.it/Frbw,4
2026-05-02,Graciadió,1997,https://boxd.it/7nvE,4
2026-05-02,Piercing,2018,https://boxd.it/fELU,3
2026-05-05,Swing Girls,2004,https://boxd.it/1ag0,5
2026-05-11,The Machine Girl,2008,https://boxd.it/1P1K,3.5
2026-05-12,Midnight Cowboy,1969,https://boxd.it/25Hi,4
2026-05-16,Fox and His Friends,1975,https://boxd.it/Xma,4
2026-05-17,One Flew Over the Cuckoo's Nest,1975,https://boxd.it/2aeA,4
2026-05-17,Furiosa: A Mad Max Saga,2024,https://boxd.it/tABk,4
2026-05-21,The Paranoids,2008,https://boxd.it/QBW,4
2026-05-25,Videodrome,1983,https://boxd.it/29uC,3.5
2026-05-26,Send Help,2026,https://boxd.it/JuhA,2
2026-05-26,Harry Potter and the Prisoner of Azkaban,2004,https://boxd.it/29Qy,4
2026-05-29,A Poet,2025,https://boxd.it/UkD4,4
2026-05-29,Rental Family,2025,https://boxd.it/JQOw,3.5
2026-05-29,Baby Assassins 2,2023,https://boxd.it/ELnU,3.5
2026-05-29,Wake Up Dead Man,2025,https://boxd.it/uAKS,3.5
2026-05-29,Bring Her Back,2025,https://boxd.it/Hxlc,3.5
2026-05-29,Sinners,2025,https://boxd.it/KQMM,3.5
2026-05-29,Spirited Away,2001,https://boxd.it/2b4m,4.5
2026-05-29,Inglourious Basterds,2009,https://boxd.it/1JzG,4.5
2026-06-02,Alicia en el país de las maravillas,1976,https://boxd.it/dTOK,2
2026-06-05,Backrooms,2026,https://boxd.it/EY6W,3.5
2026-06-07,Obsession,2025,https://boxd.it/PNqo,3
2026-06-09,The Wild Goose Lake,2019,https://boxd.it/l8bs,3.5
2026-06-09,Caught Stealing,2025,https://boxd.it/LnyS,2.5
2026-06-09,They Cloned Tyrone,2023,https://boxd.it/rE7a,2.5
2026-06-09,Heysel 85,2026,https://boxd.it/TAYK,3.5
2026-06-09,Longlegs,2024,https://boxd.it/KzLM,3.5
2026-06-10,Nosferatu,2024,https://boxd.it/f5eG,4
2026-06-10,Spider-Man: Into the Spider-Verse,2018,https://boxd.it/azpY,4
2026-06-10,Interstellar,2014,https://boxd.it/4VZ8,4
2026-06-16,Scary Movie,2000,https://boxd.it/24CG,3
2026-06-19,Tie Me Up! Tie Me Down!,1989,https://boxd.it/26FW,3.5
2026-06-19,Green Room,2015,https://boxd.it/a75m,3
2026-06-26,The A-Team,2010,https://boxd.it/1dHS,2
2026-06-26,The Invisible Man,2020,https://boxd.it/kWlA,2.5
2026-06-29,In the Mouth of Madness,1994,https://boxd.it/26vi,3
2026-07-02,Fear and Loathing in Las Vegas,1998,https://boxd.it/27Xs,3.5
2026-07-03,Morel's Invention,1974,https://boxd.it/gJq,3.5
2026-07-03,Pusher III,2005,https://boxd.it/1U7e,3.5
2026-07-03,Pulse,2001,https://boxd.it/1s3y,4.5
2026-07-03,Rabbits,2002,https://boxd.it/SaI,3.5
2026-07-03,Past Lives,2023,https://boxd.it/oNB8,3.5
2026-07-06,Junk Head,2017,https://boxd.it/gDdO,5
2026-07-07,The Bride!,2026,https://boxd.it/HSw6,2
2026-07-09,Nobody,2021,https://boxd.it/mLqS,3
2026-07-09,Looking for Eric,2009,https://boxd.it/1G6m,3.5
2026-07-12,The Delinquents,2023,https://boxd.it/qLyA,3.5
2026-07-13,Sonatine,1993,https://boxd.it/20TI,4
2026-07-13,Battle Royale,2000,https://boxd.it/25zS,3.5
2026-07-13,The Wonderful Story of Henry Sugar,2023,https://boxd.it/yNyo,3.5
2026-07-15,The Mysterious Gaze of the Flamingo,2025,https://boxd.it/xR4q,4
2026-07-21,Quiero llenarme de ti,1969,https://boxd.it/4ak8,3
2026-07-23,The Intern,2015,https://boxd.it/7AOE,2
2026-07-24,Carlito's Way,1993,https://boxd.it/226e,4
2026-07-24,21 Grams,2003,https://boxd.it/2ajK,3.5
2026-07-25,Nacho Libre,2006,https://boxd.it/1YTG,3.5
2026-07-25,I'm No Longer Here,2019,https://boxd.it/lqSu,4
2026-07-26,The Golden Glove,2019,https://boxd.it/ih9k,3
2026-07-26,Black Hawk Down,2001,https://boxd.it/29rI,2.5
2026-07-26,The Pursuit of Happyness,2006,https://boxd.it/28PE,3.5
2026-07-27,Mars Attacks!,1996,https://boxd.it/2bd4,3.5
2026-07-27,"The Adventures of Priscilla, Queen of the Desert",1994,https://boxd.it/26mg,4.5
2026-07-29,The Sadness,2021,https://boxd.it/tcHe,2
2026-07-30,7 Piano Sketches,2026,https://boxd.it/14sO0,2.5
2026-08-01,La Ciénaga,2001,https://boxd.it/kpk,3.5
2026-08-01,The Long Walk,2025,https://boxd.it/mic8,2.5
2026-08-01,RocknRolla,2008,https://boxd.it/1PmI,3.5
2026-08-01,"Lock, Stock and Two Smoking Barrels",1998,https://boxd.it/2b92,3.5
2026-08-02,Chicago,2002,https://boxd.it/28zm,3.5
2026-08-04,Bram Stoker's Dracula,1992,https://boxd.it/223a,3.5
2026-08-04,Junk World,2025,https://boxd.it/ImzO,3.5
2026-08-05,Eastern Promises,2007,https://boxd.it/275q,4
2026-08-06,Amores Perros,2000,https://boxd.it/2bfu,4.5
2026-08-09,The Gentlemen,2019,https://boxd.it/iYBQ,4
2026-08-11,The Odyssey,2026,https://boxd.it/QFQU,3.5
2026-08-11,Moon of Avellaneda,2004,https://boxd.it/lp6,3.5
2026-08-12,Do Not Expect Too Much from the End of the World,2023,https://boxd.it/zkHI,3.5
2026-08-14,The Favourite,2018,https://boxd.it/d2hI,3.5
2026-08-17,Nirvanna the Band the Show the Movie,2025,https://boxd.it/HG9a,4
2026-08-18,Shottas,2002,https://boxd.it/1PjO,2.5
2026-08-19,Hokum,2026,https://boxd.it/SUeq,3
2026-08-19,The Invite,2026,https://boxd.it/zRNY,3.5
2026-08-21,AliEN0089,2023,https://boxd.it/AUyu,3.5
