Date,Name,Year,Letterboxd URI
2019-12-31,The Imitation Game,2014,https://boxd.it/6aig
2019-12-31,Trainspotting,1996,https://boxd.it/29XY
2019-12-31,Climax,2018,https://boxd.it/ikvo
2020-01-01,Filth,2013,https://boxd.it/32NY
2020-01-01,Requiem for a Dream,2000,https://boxd.it/29VI
2020-01-01,My Neighbor Totoro,1988,https://boxd.it/20eA
2020-01-03,The Royal Tenenbaums,2001,https://boxd.it/1YHU
2020-01-03,Parasite,2019,https://boxd.it/hTha
2020-01-05,Her,2013,https://boxd.it/4O24
2020-01-28,The Shining,1980,https://boxd.it/29Nu
2020-01-28,The Wolf of Wall Street,2013,https://boxd.it/3C1m
2020-01-28,Alien,1979,https://boxd.it/2awY
2020-01-28,GoodFellas,1990,https://boxd.it/29FA
2020-01-28,Psycho,1960,https://boxd.it/2ab2
2020-01-28,Zodiac,2007,https://boxd.it/27MO
2020-01-28,The Godfather Part II,1974,https://boxd.it/2aNq
2020-01-28,Fantastic Mr. Fox,2009,https://boxd.it/1WyQ
2020-01-28,Before Sunrise,1995,https://boxd.it/2bcU
2020-01-28,City of God,2002,https://boxd.it/2a2a
2020-01-28,"The Good, the Bad and the Ugly",1966,https://boxd.it/2ape
2020-01-28,Akira,1988,https://boxd.it/2b1i
2020-01-28,Nebraska,2013,https://boxd.it/4exq
2020-01-28,The Devil and Daniel Johnston,2005,https://boxd.it/1QzI
2020-01-28,Fight Club,1999,https://boxd.it/2a9q
2020-01-28,Dunkirk,2017,https://boxd.it/d0Y6
2020-01-28,Taxi Driver,1976,https://boxd.it/2b8y
2020-01-28,Se7en,1995,https://boxd.it/29zs
2020-01-28,Reservoir Dogs,1992,https://boxd.it/2agc
2020-01-28,Léon: The Professional,1994,https://boxd.it/2b8S
2020-01-28,There Will Be Blood,2007,https://boxd.it/20Z2
2020-01-28,Scarface,1983,https://boxd.it/2b7g
2020-01-28,The Neon Demon,2016,https://boxd.it/9AnW
2020-01-28,Mystic River,2003,https://boxd.it/2aAG
2020-01-28,Portrait of a Lady on Fire,2019,https://boxd.it/jkPq
2020-01-28,Oldboy,2003,https://boxd.it/29R2
2020-01-28,Bottle Rocket,1996,https://boxd.it/1PDa
2020-01-28,The Life Aquatic with Steve Zissou,2004,https://boxd.it/2aqw
2020-01-28,Submarine,2010,https://boxd.it/H4a
2020-01-28,Blue Valentine,2010,https://boxd.it/MxG
2020-01-28,Isle of Dogs,2018,https://boxd.it/dZrW
2020-01-28,2001: A Space Odyssey,1968,https://boxd.it/2bf0
2020-01-28,Dancer in the Dark,2000,https://boxd.it/71E
2020-01-28,It Follows,2014,https://boxd.it/87wo
2020-01-28,American History X,1998,https://boxd.it/2bdo
2020-01-28,Memento,2000,https://boxd.it/2bcK
2020-01-28,The Machinist,2004,https://boxd.it/248c
2020-01-28,Moonrise Kingdom,2012,https://boxd.it/2Wng
2020-01-28,The Grand Budapest Hotel,2014,https://boxd.it/3ZqO
2020-01-28,Control,2007,https://boxd.it/22IC
2020-01-28,Once Upon a Time... in Hollywood,2019,https://boxd.it/gH0O
2020-01-28,Happiness,1998,https://boxd.it/1VEe
2020-01-28,The Disaster Artist,2017,https://boxd.it/cTqc
2020-01-28,Pulp Fiction,1994,https://boxd.it/29Pq
2020-01-28,Joker,2019,https://boxd.it/h4cS
2020-01-28,The Two Popes,2019,https://boxd.it/k8Xk
2020-01-28,Logan,2017,https://boxd.it/7Piy
2020-01-28,The Revenant,2015,https://boxd.it/8H5e
2020-01-28,Kingsman: The Secret Service,2014,https://boxd.it/6dxe
2020-01-28,Shutter Island,2010,https://boxd.it/1U82
2020-01-28,The Intouchables,2011,https://boxd.it/2FT0
2020-01-28,Django Unchained,2012,https://boxd.it/2cCk
2020-01-28,The Great Gatsby,2013,https://boxd.it/JY
2020-01-28,Whiplash,2014,https://boxd.it/7bQA
2020-01-28,Eternal Sunshine of the Spotless Mind,2004,https://boxd.it/6YK
2020-01-28,"O Brother, Where Art Thou?",2000,https://boxd.it/2b3I
2020-01-28,Kill Bill: Vol. 1,2003,https://boxd.it/70w
2020-01-28,American Psycho,2000,https://boxd.it/28Vs
2020-01-28,(500) Days of Summer,2009,https://boxd.it/1EmM
2020-01-28,Juno,2007,https://boxd.it/210a
2020-01-28,WALL·E,2008,https://boxd.it/1VEo
2020-01-28,Kill Bill: The Whole Bloody Affair,2004,https://boxd.it/eCrQ
2020-01-28,Che: Part One,2008,https://boxd.it/1ZGe
2020-01-28,The Silence of the Lambs,1991,https://boxd.it/2aHW
2020-01-28,Good Will Hunting,1997,https://boxd.it/2ahY
2020-01-28,Coco,2017,https://boxd.it/bYJQ
2020-01-28,Back to the Future,1985,https://boxd.it/2b8e
2020-01-28,Back to the Future Part II,1989,https://boxd.it/2aYI
2020-01-28,Back to the Future Part III,1990,https://boxd.it/2aTS
2020-01-28,Marriage Story,2019,https://boxd.it/hJAw
2020-01-28,The Irishman,2019,https://boxd.it/dYOq
2020-01-28,Beetlejuice,1988,https://boxd.it/24QI
2020-01-28,Spirited Away,2001,https://boxd.it/2b4m
2020-01-28,El Angel,2018,https://boxd.it/ilA0
2020-01-30,The Heist of the Century,2020,https://boxd.it/mvuY
2020-04-16,Forrest Gump,1994,https://boxd.it/728
2020-04-16,Dead Poets Society,1989,https://boxd.it/2aSg
2020-04-16,Scott Pilgrim vs. the World,2010,https://boxd.it/1Aq6
2020-04-16,The Green Mile,1999,https://boxd.it/2agG
2020-04-16,Easy A,2010,https://boxd.it/17DK
2020-04-16,Brooklyn,2015,https://boxd.it/5bdk
2020-04-16,The Platform,2019,https://boxd.it/mUm6
2020-04-16,Midsommar,2019,https://boxd.it/jhxe
2020-04-16,Uncut Gems,2019,https://boxd.it/gXGc
2020-04-16,The Social Network,2010,https://boxd.it/17ue
2020-04-16,Inception,2010,https://boxd.it/1skk
2020-04-16,Rocketman,2019,https://boxd.it/iehK
2020-04-16,Snatch,2000,https://boxd.it/2b7U
2020-04-16,Catch Me If You Can,2002,https://boxd.it/29VS
2020-04-16,Saving Private Ryan,1998,https://boxd.it/29ro
2020-04-16,Sully,2016,https://boxd.it/cD8Q
2020-04-16,Captain Phillips,2013,https://boxd.it/3GPK
2020-04-16,The Terminal,2004,https://boxd.it/2a2O
2020-04-16,Ready Player One,2018,https://boxd.it/aZes
2020-04-16,Big Eyes,2014,https://boxd.it/36ms
2020-04-16,A Clockwork Orange,1971,https://boxd.it/2aVE
2020-04-17,Guardians of the Galaxy,2014,https://boxd.it/3VH2
2020-04-17,Avengers: Infinity War,2018,https://boxd.it/9vEe
2020-04-17,Booksmart,2019,https://boxd.it/igNS
2020-05-03,Bird Box,2018,https://boxd.it/eh1i
2020-05-03,Split,2016,https://boxd.it/dgSy
2020-05-03,Birdman or (The Unexpected Virtue of Ignorance),2014,https://boxd.it/5RFA
2020-05-03,Wild Tales,2014,https://boxd.it/7UmK
2020-05-03,Princess Mononoke,1997,https://boxd.it/2b4w
2020-05-03,Castle in the Sky,1986,https://boxd.it/1W4G
2020-05-03,Ocean Waves,1993,https://boxd.it/1CtQ
2020-05-04,The Prestige,2006,https://boxd.it/293w
2020-05-04,Death in Buenos Aires,2014,https://boxd.it/9oYc
2020-05-04,Dawn of the Planet of the Apes,2014,https://boxd.it/3XyQ
2020-05-04,War for the Planet of the Apes,2017,https://boxd.it/8FE2
2020-05-04,Rise of the Planet of the Apes,2011,https://boxd.it/cS4
2020-05-05,John Wick,2014,https://boxd.it/7dEc
2020-05-05,John Wick: Chapter 2,2017,https://boxd.it/ayGu
2020-05-05,John Wick: Chapter 3 – Parabellum,2019,https://boxd.it/gmFw
2020-05-05,Gone Girl,2014,https://boxd.it/6hQu
2020-05-05,The Girl with the Dragon Tattoo,2011,https://boxd.it/2Pa
2020-05-05,The Curious Case of Benjamin Button,2008,https://boxd.it/23Fk
2020-05-09,The Warriors,1979,https://boxd.it/1TLC
2020-05-09,Green Book,2018,https://boxd.it/hErk
2020-06-11,The Godfather,1972,https://boxd.it/2aNK
2020-06-14,Knives Out,2019,https://boxd.it/jWEA
2020-06-16,Casino,1995,https://boxd.it/2ads
2020-06-19,Your Name.,2016,https://boxd.it/cUqs
2020-06-19,Weathering with You,2019,https://boxd.it/kPxE
2020-06-19,Before Sunset,2004,https://boxd.it/2bcg
2020-06-21,Babel,2006,https://boxd.it/292o
2020-06-22,The Conjuring 2,2016,https://boxd.it/7GJg
2020-06-22,The Conjuring,2013,https://boxd.it/4sr2
2020-06-25,Da 5 Bloods,2020,https://boxd.it/lnXw
2020-06-30,Ouija,2014,https://boxd.it/77SM
2020-07-01,Don't F**k with Cats: Hunting an Internet Killer,2019,https://boxd.it/oqjq
2020-07-01,The Lion King,2019,https://boxd.it/eSjI
2020-07-03,Eli,2019,https://boxd.it/hn4S
2020-07-05,BlacKkKlansman,2018,https://boxd.it/hxL8
2020-07-13,Sing Street,2016,https://boxd.it/cOo6
2020-07-13,1922,2017,https://boxd.it/g8CS
2020-07-13,After,2019,https://boxd.it/jBb8
2020-07-19,The Lobster,2015,https://boxd.it/7tnw
2020-07-19,Black Mirror: The National Anthem,2011,https://boxd.it/hQYK
2020-07-19,Black Mirror: Fifteen Million Merits,2011,https://boxd.it/hQYU
2020-07-19,Black Mirror: The Entire History of You,2011,https://boxd.it/hQZ4
2020-07-19,Black Mirror: Be Right Back,2013,https://boxd.it/hRpw
2020-07-19,Black Mirror: White Bear,2013,https://boxd.it/hRpG
2020-07-19,Black Mirror: The Waldo Moment,2013,https://boxd.it/hRpQ
2020-07-19,Black Mirror: White Christmas,2014,https://boxd.it/B3qu
2020-07-19,Black Mirror: Nosedive,2016,https://boxd.it/hK9G
2020-07-19,Black Mirror: Playtest,2016,https://boxd.it/hRR6
2020-07-19,Black Mirror: Shut Up and Dance,2016,https://boxd.it/hRRq
2020-07-19,Black Mirror: San Junipero,2016,https://boxd.it/k4aS
2020-07-19,Black Mirror: Men Against Fire,2016,https://boxd.it/hSBS
2020-07-19,Black Mirror: Hated in the Nation,2016,https://boxd.it/hSBI
2020-07-19,Black Mirror: USS Callister,2017,https://boxd.it/hQXi
2020-07-19,Black Mirror: Arkangel,2017,https://boxd.it/hQXW
2020-07-19,Black Mirror: Crocodile,2017,https://boxd.it/hRoS
2020-07-19,Black Mirror: Hang the DJ,2017,https://boxd.it/hQYA
2020-07-19,Black Mirror: Metalhead,2017,https://boxd.it/hRqk
2020-07-19,Black Mirror: Black Museum,2017,https://boxd.it/hRqu
2020-07-19,Black Mirror: Bandersnatch,2018,https://boxd.it/kTDG
2020-07-23,Chinese Take-Away,2011,https://boxd.it/2eGy
2020-07-24,Amores Perros,2000,https://boxd.it/2bfu
2020-07-27,The Kissing Booth 2,2020,https://boxd.it/lrky
2020-07-28,"Paris, Texas",1984,https://boxd.it/29Ts
2020-07-29,The Thing,1982,https://boxd.it/294O
2020-07-30,Schindler's List,1993,https://boxd.it/2aq2
2020-07-30,Creep,2014,https://boxd.it/7l4c
2020-07-30,Creep 2,2017,https://boxd.it/dSEO
2020-07-31,Natural Born Killers,1994,https://boxd.it/2aNg
2020-07-31,Anchorman: The Legend of Ron Burgundy,2004,https://boxd.it/1ZVo
2020-07-31,The Other Guys,2010,https://boxd.it/1rtq
2020-07-31,Step Brothers,2008,https://boxd.it/1SsE
2020-07-31,Elf,2003,https://boxd.it/1VyK
2020-07-31,Daddy's Home,2015,https://boxd.it/8jSc
2020-07-31,Get Hard,2015,https://boxd.it/7Axe
2020-07-31,Blades of Glory,2007,https://boxd.it/1Xrm
2020-07-31,The Big Lebowski,1998,https://boxd.it/2b6C
2020-07-31,Y Tu Mamá También,2001,https://boxd.it/28QM
2020-07-31,Clueless,1995,https://boxd.it/1Ygk
2020-07-31,Corpse Bride,2005,https://boxd.it/24WQ
2020-07-31,The Blair Witch Project,1999,https://boxd.it/26ua
2020-07-31,Seven Psychopaths,2012,https://boxd.it/34PW
2020-08-01,The Impossible,2012,https://boxd.it/2N9k
2020-08-01,The Killing of a Sacred Deer,2017,https://boxd.it/dZ5G
2020-08-03,Steve Jobs,2015,https://boxd.it/araG
2020-08-03,Siberia,2018,https://boxd.it/fAos
2020-08-03,Shrek,2001,https://boxd.it/29zi
2020-08-03,"Monsters, Inc.",2001,https://boxd.it/2a46
2020-08-04,Funny Games,1997,https://boxd.it/1WKM
2020-08-04,The Shape of Water,2017,https://boxd.it/dZ5m
2020-08-06,Donnie Darko,2001,https://boxd.it/2b2A
2020-08-06,How to Talk to Girls at Parties,2017,https://boxd.it/bo80
2020-08-06,A Ghost Story,2017,https://boxd.it/fb0K
2020-08-06,Gravity,2013,https://boxd.it/GZY
2020-08-06,Superbad,2007,https://boxd.it/20hO
2020-08-06,Hocus Pocus,1993,https://boxd.it/1Wgi
2020-08-07,Leaving Neverland,2019,https://boxd.it/l53U
2020-08-12,Fargo,1996,https://boxd.it/2aHM
2020-08-14,Birds of Prey (and the Fantabulous Emancipation of One Harley Quinn),2020,https://boxd.it/hSyO
2020-08-14,Cats,2019,https://boxd.it/jydK
2020-08-16,Fallen Angels,1995,https://boxd.it/1UkW
2020-09-01,Maggie,2015,https://boxd.it/8Vfi
2020-09-05,Boyz n the Hood,1991,https://boxd.it/29Ug
2020-09-09,I'm Thinking of Ending Things,2020,https://boxd.it/i4IQ
2020-09-09,The Mask,1994,https://boxd.it/29rS
2020-09-09,Son of the Mask,2005,https://boxd.it/1WNQ
2020-09-09,Slumdog Millionaire,2008,https://boxd.it/1S3E
2020-09-28,Prisoners,2013,https://boxd.it/4E5i
2020-10-05,The Usual Suspects,1995,https://boxd.it/29XE
2020-10-14,Blue Velvet,1986,https://boxd.it/29BI
2020-10-23,War Dogs,2016,https://boxd.it/9SlO
2020-12-04,Interstellar,2014,https://boxd.it/4VZ8
2020-12-10,Citizen Kane,1941,https://boxd.it/71O
2021-01-14,Mank,2020,https://boxd.it/mIuC
2021-01-14,Enemy,2013,https://boxd.it/5xtO
2021-01-16,Carnage,2011,https://boxd.it/2peU
2021-01-17,Irreversible,2002,https://boxd.it/29as
2021-01-18,Good Time,2017,https://boxd.it/fcFu
2021-01-21,Hellboy,2004,https://boxd.it/28HK
2021-01-25,Waiting for the Hearse,1985,https://boxd.it/1PIa
2021-01-26,Euphoria: Trouble Don't Last Always,2020,https://boxd.it/ta4a
2021-01-26,Euphoria: F*ck Anyone Who’s Not a Sea Blob,2021,https://boxd.it/tMkU
2021-02-04,Eerie,2018,https://boxd.it/iX84
2021-02-12,Elite Squad,2007,https://boxd.it/20YI
2021-02-25,You Were Never Really Here,2017,https://boxd.it/dWOS
2021-03-07,Manchester by the Sea,2016,https://boxd.it/b2L0
2021-03-10,Rent-A-Pal,2020,https://boxd.it/qswq
2021-03-10,Borat Subsequent Moviefilm: Delivery of Prodigious Bribe to American Regime for Make Benefit Once Glorious Nation of Kazakhstan,2020,https://boxd.it/rNS0
2021-03-10,The Devil All the Time,2020,https://boxd.it/i2tY
2021-03-12,Blade Runner,1982,https://boxd.it/2bcA
2021-03-16,Suspiria,1977,https://boxd.it/1SNW
2021-03-31,Groundhog Day,1993,https://boxd.it/2b3e
2021-04-08,Perfect Blue,1997,https://boxd.it/1W7A
2021-04-08,The Secret in Their Eyes,2009,https://boxd.it/1vWw
2021-04-08,The Invisible Guest,2016,https://boxd.it/euce
2021-04-08,Arrival,2016,https://boxd.it/aNGk
2021-04-11,Shoplifters of the World,2021,https://boxd.it/f6Bm
2021-05-01,After.Life,2009,https://boxd.it/1aAY
2021-05-08,Pink Floyd: The Wall,1982,https://boxd.it/1Sxk
2021-05-20,Hi Stranger,2016,https://boxd.it/fTfY
2021-05-20,True Lies,1994,https://boxd.it/19pq
2021-05-20,Indiana Jones and the Last Crusade,1989,https://boxd.it/2baO
2021-05-20,The Matrix,1999,https://boxd.it/2a1m
2021-05-20,How the Grinch Stole Christmas,2000,https://boxd.it/1ZHQ
2021-06-06,Raw,2016,https://boxd.it/dLd2
2021-06-06,Hacksaw Ridge,2016,https://boxd.it/azew
2021-06-06,Frankenweenie,2012,https://boxd.it/bPS
2021-06-06,Life of Pi,2012,https://boxd.it/37pC
2021-06-06,Harry Potter and the Deathly Hallows: Part 2,2011,https://boxd.it/1RYk
2021-06-06,Shrek Forever After,2010,https://boxd.it/1WRo
2021-06-06,Letters to Juliet,2010,https://boxd.it/19aK
2021-06-06,Alice in Wonderland,2010,https://boxd.it/1Spq
2021-06-06,Harry Potter and the Half-Blood Prince,2009,https://boxd.it/29FU
2021-06-06,Harry Potter and the Order of the Phoenix,2007,https://boxd.it/29Qe
2021-06-06,Harry Potter and the Chamber of Secrets,2002,https://boxd.it/29QI
2021-06-07,Paprika,2006,https://boxd.it/23wW
2021-06-11,8 Mile,2002,https://boxd.it/2bew
2021-06-11,The Wind Rises,2013,https://boxd.it/4JQS
2021-06-21,It Chapter Two,2019,https://boxd.it/h10u
2021-06-21,The Amazing Spider-Man,2012,https://boxd.it/27PI
2021-06-21,Real Steel,2011,https://boxd.it/147m
2021-06-21,It,2017,https://boxd.it/bC8e
2021-06-21,Mama,2013,https://boxd.it/4i9s
2021-06-21,Hereditary,2018,https://boxd.it/hNVe
2021-06-21,Dog Day Afternoon,1975,https://boxd.it/29bg
2021-08-20,mother!,2017,https://boxd.it/dgRU
2021-08-20,Closer,2004,https://boxd.it/270K
2021-09-01,Ex Machina,2015,https://boxd.it/7T2k
2021-09-01,Another Round,2020,https://boxd.it/lkba
2021-10-05,Okupas,2000,https://boxd.it/s7Ji
2021-10-05,Squid Game,2021,https://boxd.it/x1OG
2021-10-05,Halloween,1978,https://boxd.it/2wRu
2021-10-06,"Sweetie, You Won't Believe It",2020,https://boxd.it/pr4S
2021-10-09,Heroic Losers,2019,https://boxd.it/lXFS
2021-10-23,The Guilty,2021,https://boxd.it/kOPW
2021-11-06,Meet Joe Black,1998,https://boxd.it/2aEI
2021-11-23,Lady Bird,2017,https://boxd.it/dGNE
2021-12-01,The Pianist,2002,https://boxd.it/2aqc
2021-12-01,La Haine,1995,https://boxd.it/2as8
2021-12-08,Ghost in the Shell,1995,https://boxd.it/1YYc
2021-12-14,The Witch,2015,https://boxd.it/9X0m
2021-12-18,The Power of the Dog,2021,https://boxd.it/m99E
2021-12-21,The Shawshank Redemption,1994,https://boxd.it/2aHi
2021-12-22,"tick, tick... BOOM!",2021,https://boxd.it/jz2e
2021-12-24,The Amazing Spider-Man 2,2014,https://boxd.it/3utM
2021-12-24,Spider-Man 2,2004,https://boxd.it/2a88
2021-12-24,Spider-Man,2002,https://boxd.it/2a8i
2021-12-24,Spider-Man: Homecoming,2017,https://boxd.it/aboM
2021-12-24,Spider-Man 3,2007,https://boxd.it/2a7Y
2021-12-24,Heat,1995,https://boxd.it/2bg8
2021-12-29,Spider-Man: No Way Home,2021,https://boxd.it/nwRw
2022-01-06,Apostle,2018,https://boxd.it/f0so
2022-02-19,Licorice Pizza,2021,https://boxd.it/qTKY
2022-02-19,Don't Look Up,2021,https://boxd.it/o0Hc
2022-02-19,Buffalo '66,1998,https://boxd.it/1YC6
2022-03-10,The Breakfast Club,1985,https://boxd.it/27q4
2022-03-16,In the Mood for Love,2000,https://boxd.it/29tE
2022-04-23,The Batman,2022,https://boxd.it/eDGs
2022-05-25,Drive,2011,https://boxd.it/IG
2022-05-27,Blade Runner 2049,2017,https://boxd.it/b8wK
2022-06-12,Batman: Under the Red Hood,2010,https://boxd.it/11eE
2022-07-02,Billy Elliot,2000,https://boxd.it/2bdy
2022-07-16,Howl's Moving Castle,2004,https://boxd.it/23De
2022-07-16,Kiki's Delivery Service,1989,https://boxd.it/1JAY
2022-07-27,The Gray Man,2022,https://boxd.it/rb7q
2022-08-12,The Lighthouse,2019,https://boxd.it/icFU
2022-08-15,The Black Phone,2021,https://boxd.it/sqFE
2022-09-13,Atonement,2007,https://boxd.it/24ui
2022-10-09,Argentina 1985,2022,https://boxd.it/qLxM
2022-12-05,The Empire Strikes Back,1980,https://boxd.it/27Vw
2022-12-26,Last Night in Soho,2021,https://boxd.it/lbJC
2023-01-05,Pearl,2022,https://boxd.it/zPbe
2023-01-07,Memories of Murder,2003,https://boxd.it/1TSo
2023-01-09,Glass Onion,2022,https://boxd.it/oCkK
2023-01-10,Where the Heart Is,2000,https://boxd.it/1VWM
2023-01-22,The Exorcist,1973,https://boxd.it/1Yoo
2023-01-28,Terrified,2017,https://boxd.it/hCyy
2023-05-17,Everything Everywhere All at Once,2022,https://boxd.it/jUk4
2023-06-05,Spider-Man: Across the Spider-Verse,2023,https://boxd.it/kSz4
2023-06-05,Spider-Man: Into the Spider-Verse,2018,https://boxd.it/azpY
2023-06-05,The Master,2012,https://boxd.it/2cBG
2023-06-07,Moonlight,2016,https://boxd.it/d6bE
2023-06-17,Love Exposure,2008,https://boxd.it/1pDe
2023-06-22,What We Do in the Shadows,2014,https://boxd.it/7eQy
2023-06-25,The Hateful Eight,2015,https://boxd.it/8gw8
2023-07-13,1408,2007,https://boxd.it/25Vu
2023-07-26,Oppenheimer,2023,https://boxd.it/wUow
2023-07-26,"Lock, Stock and Two Smoking Barrels",1998,https://boxd.it/2b92
2023-08-20,Lars and the Real Girl,2007,https://boxd.it/21tG
2023-08-30,The Nice Guys,2016,https://boxd.it/94Hg
2023-08-30,Goodnight Mommy,2022,https://boxd.it/uGgk
2023-09-25,They Cloned Tyrone,2023,https://boxd.it/rE7a
2023-09-28,Sidewalls,2011,https://boxd.it/2EiM
2023-09-29,Nightcrawler,2014,https://boxd.it/780m
2023-10-09,Talk to Me,2022,https://boxd.it/C6uQ
2023-10-17,All About My Mother,1999,https://boxd.it/2b9c
2023-10-22,Strange Way of Life,2023,https://boxd.it/Aomw
2023-10-25,The Ballad of Buster Scruggs,2018,https://boxd.it/jB2q
2023-10-25,Radiohead: In Rainbows - From the Basement,2008,https://boxd.it/g7G
2023-10-29,Killers of the Flower Moon,2023,https://boxd.it/gHp0
2023-10-31,Midnight in Paris,2011,https://boxd.it/i4a
2023-10-31,Forgotten,2017,https://boxd.it/hAJE
2023-11-01,Countdown,2019,https://boxd.it/m83K
2023-11-07,Saw II,2005,https://boxd.it/2aRs
2023-11-07,Saw,2004,https://boxd.it/2aWW
2023-11-11,The Motorcycle Diaries,2004,https://boxd.it/28nU
2023-11-11,After Earth,2013,https://boxd.it/2TSg
2023-11-11,The Last Airbender,2010,https://boxd.it/1WQK
2023-11-11,Old,2021,https://boxd.it/npKI
2023-11-13,When Evil Lurks,2023,https://boxd.it/rXBe
2023-12-09,The Killer,2023,https://boxd.it/u6WE
2023-12-11,Brick,2005,https://boxd.it/1Z6A
2023-12-17,Napoleon,2023,https://boxd.it/shJM
2023-12-24,Smile,2022,https://boxd.it/xjfE
2023-12-24,Barbarian,2022,https://boxd.it/yohi
2023-12-29,V/H/S/2,2013,https://boxd.it/4Ysw
2023-12-29,V/H/S,2012,https://boxd.it/2Y1c
2023-12-31,BEEF,2023,https://boxd.it/FPsm
2024-01-01,Nine Queens,2000,https://boxd.it/1HBA
2024-01-03,The Hunger Games: The Ballad of Songbirds & Snakes,2023,https://boxd.it/pZCY
2024-01-06,Liar Liar,1997,https://boxd.it/28sg
2024-01-09,Mommy Dead and Dearest,2017,https://boxd.it/fzs4
2024-01-11,Society of the Snow,2023,https://boxd.it/y9aw
2024-01-19,El Camino: A Breaking Bad Movie,2019,https://boxd.it/kv0q
2024-01-21,Priscilla,2023,https://boxd.it/Cz3k
2024-01-21,Sicario,2015,https://boxd.it/8i7u
2024-01-22,Poor Things,2023,https://boxd.it/tNWU
2024-01-28,Being John Malkovich,1999,https://boxd.it/2ahu
2024-02-13,12 Angry Men,1957,https://boxd.it/2auI
2024-02-18,The Banshees of Inisherin,2022,https://boxd.it/p7XS
2024-02-22,The Worst Person in the World,2021,https://boxd.it/oyws
2024-02-28,Anatomy of a Fall,2023,https://boxd.it/yuDE
2024-03-03,Past Lives,2023,https://boxd.it/oNB8
2024-03-15,Who Framed Roger Rabbit,1988,https://boxd.it/29ry
2024-03-21,The Holdovers,2023,https://boxd.it/vHza
2024-03-25,Mary and Max,2009,https://boxd.it/1y2m
2024-03-30,Infinity Pool,2023,https://boxd.it/oPSK
2024-04-01,Vengeance,2022,https://boxd.it/pu7U
2024-04-01,Mommy,2014,https://boxd.it/7Uau
2024-04-07,The Florida Project,2017,https://boxd.it/dMG0
2024-04-07,Ghostland,2018,https://boxd.it/h5Uw
2024-04-08,Anomalisa,2015,https://boxd.it/97TE
2024-04-22,The Antisocial Network: Memes to Mayhem,2024,https://boxd.it/LcCE
2024-04-23,I Spit on Your Grave,2010,https://boxd.it/Tbs
2024-04-23,Star Wars,1977,https://boxd.it/72s
2024-04-23,Star Wars: Episode III – Revenge of the Sith,2005,https://boxd.it/27US
2024-04-24,Rope,1948,https://boxd.it/28yo
2024-04-24,Kung Fu Panda,2008,https://boxd.it/1Yws
2024-04-24,The Truman Show,1998,https://boxd.it/18U8
2024-04-24,The Dark Knight,2008,https://boxd.it/2b0k
2024-04-24,RRR,2022,https://boxd.it/ljDs
2024-04-24,Eyes Wide Shut,1999,https://boxd.it/2axs
2024-05-10,Star Wars: Episode I – The Phantom Menace,1999,https://boxd.it/27Vc
2024-05-10,"South Park: Bigger, Longer & Uncut",1999,https://boxd.it/1YAO
2024-05-10,Star Wars: The Force Awakens,2015,https://boxd.it/4vru
2024-05-13,Baby Reindeer,2024,https://boxd.it/MwSa
2024-05-13,Clue,1985,https://boxd.it/1MDQ
2024-05-14,South Park: Post COVID,2021,https://boxd.it/wYnW
2024-05-14,South Park: Post COVID: The Return of COVID,2021,https://boxd.it/wYo6
2024-05-23,A Good Day,2010,https://boxd.it/f0AC
2024-05-25,Little Children,2006,https://boxd.it/28Ka
2024-05-25,Challengers,2024,https://boxd.it/zld0
2024-05-26,The Last Temptation of Christ,1988,https://boxd.it/1ULe
2024-05-29,Bones and All,2022,https://boxd.it/tLd4
2024-06-08,Furiosa: A Mad Max Saga,2024,https://boxd.it/tABk
2024-06-10,Mad Max: Fury Road,2015,https://boxd.it/2DjO
2024-06-11,A Grand Day Out,1989,https://boxd.it/2acu
2024-06-13,Three Identical Strangers,2018,https://boxd.it/hDNO
2024-06-16,Martyrs,2008,https://boxd.it/1Yqu
2024-06-20,Todo el año es Navidad,2018,https://boxd.it/kvTU
2024-06-24,Days of Vinyl,2012,https://boxd.it/6rZ2
2024-07-01,"LaRoy, Texas",2023,https://boxd.it/BRJQ
2024-07-02,Brokeback Mountain,2005,https://boxd.it/2b2q
2024-07-02,Nocturnal Animals,2016,https://boxd.it/bkFu
2024-07-04,Los ganadores,2016,https://boxd.it/gmt6
2024-07-09,Jackie Brown,1997,https://boxd.it/2aVO
2024-07-11,Platoon,1986,https://boxd.it/29BS
2024-07-15,Boogie Nights,1997,https://boxd.it/23um
2024-07-20,Late Night with the Devil,2023,https://boxd.it/zo6G
2024-07-20,Audition,1999,https://boxd.it/1UHm
2024-07-22,"Love, Lies",2016,https://boxd.it/dqrC
2024-07-22,Love Lies Bleeding,2024,https://boxd.it/zN4q
2024-07-22,Dragonball Evolution,2009,https://boxd.it/1ODy
2024-07-22,Cure,1997,https://boxd.it/1blA
2024-07-24,Stop Making Sense,1984,https://boxd.it/1ygo
2024-07-29,Rear Window,1954,https://boxd.it/2a6Q
2024-08-03,MaXXXine,2024,https://boxd.it/CIM4
2024-08-05,The Distinguished Citizen,2016,https://boxd.it/enGc
2024-08-09,Haunt,2019,https://boxd.it/iK78
2024-08-12,Talk to Her,2002,https://boxd.it/2beG
2024-08-14,The House That Jack Built,2018,https://boxd.it/dWO4
2024-08-18,Trap,2024,https://boxd.it/D4nK
2024-08-18,Game Night,2018,https://boxd.it/fRtu
2024-08-25,Longlegs,2024,https://boxd.it/KzLM
2024-08-25,3 Women,1977,https://boxd.it/YPs
2024-08-27,Signs,2002,https://boxd.it/26t2
2024-09-09,Deadpool & Wolverine,2024,https://boxd.it/jq8s
2024-09-15,Zootopia,2016,https://boxd.it/84xS
2024-09-18,Kinds of Kindness,2024,https://boxd.it/CWPw
2024-09-24,Babylon,2022,https://boxd.it/mM02
2024-10-03,The Substance,2024,https://boxd.it/zanS
2024-10-12,Joker: Folie à Deux,2024,https://boxd.it/xBoE
2024-10-19,Crash,1996,https://boxd.it/29n2
2024-10-20,Smile 2,2024,https://boxd.it/FDA4
2024-10-31,Terrifier,2016,https://boxd.it/eRzg
2024-11-04,The Full Monty,1997,https://boxd.it/1YI4
2024-11-09,Woman of the Hour,2023,https://boxd.it/vuz2
2024-11-13,Fishmans: Otokotachi no Wakare 98.12.28 @ Akasaka Blitz,2005,https://boxd.it/d5GQ
2024-11-13,Fox and His Friends,1975,https://boxd.it/Xma
2024-11-20,The Babadook,2014,https://boxd.it/77xu
2024-11-23,Reality+,2014,https://boxd.it/cIEC
2024-12-07,A Silent Voice: The Movie,2016,https://boxd.it/d99c
2024-12-07,28 Days Later,2002,https://boxd.it/2aXU
2024-12-13,History of the Occult,2020,https://boxd.it/o7Ho
2024-12-13,Queer,2024,https://boxd.it/E4RW
2024-12-16,Incendies,2010,https://boxd.it/Msm
2025-01-02,Zoolander,2001,https://boxd.it/1YMA
2025-01-07,Nosferatu,2024,https://boxd.it/f5eG
2025-01-12,The Beast,2023,https://boxd.it/yqmk
2025-01-12,Lady Vengeance,2005,https://boxd.it/248G
2025-01-14,Hot Fuzz,2007,https://boxd.it/2416
2025-01-17,Rabbits,2002,https://boxd.it/SaI
2025-01-20,Minority Report,2002,https://boxd.it/2aWi
2025-01-21,A Real Pain,2024,https://boxd.it/CjNG
2025-02-02,Anora,2024,https://boxd.it/Egcw
2025-02-04,My Fault,2023,https://boxd.it/CcDk
2025-02-04,Companion,2025,https://boxd.it/F04o
2025-02-07,Mulholland Drive,2001,https://boxd.it/297o
2025-02-08,Johanne Sacreblu,2025,https://boxd.it/TlZy
2025-02-09,Sin City,2005,https://boxd.it/2aVk
2025-02-16,Bullet Train,2022,https://boxd.it/qW26
2025-02-16,Look Back,2024,https://boxd.it/LjA6
2025-02-18,Triangle of Sadness,2022,https://boxd.it/hXlq
2025-02-19,Blink Twice,2024,https://boxd.it/vIOg
2025-02-21,Legend,2015,https://boxd.it/8qZY
2025-03-01,You Don't Mess with the Zohan,2008,https://boxd.it/1VHs
2025-03-03,Gosford Park,2001,https://boxd.it/239e
2025-03-25,Revanche,2008,https://boxd.it/1MdS
2025-03-25,Jacob's Ladder,1990,https://boxd.it/270g
2025-03-25,Shaolin Soccer,2001,https://boxd.it/1T86
2025-04-03,Lost Highway,1997,https://boxd.it/29Wc
2025-04-05,Misery,1990,https://boxd.it/28gY
2025-04-05,Inglourious Basterds,2009,https://boxd.it/1JzG
2025-04-05,No Country for Old Men,2007,https://boxd.it/21ew
2025-04-05,Lost in Translation,2003,https://boxd.it/2b0E
2025-04-05,Guardians of the Galaxy Vol. 3,2023,https://boxd.it/fVNI
2025-04-05,X,2022,https://boxd.it/sxVa
2025-04-05,Puss in Boots: The Last Wish,2022,https://boxd.it/aaie
2025-04-05,Terrifier 2,2022,https://boxd.it/oI10
2025-04-05,A Star Is Born,2018,https://boxd.it/aXgc
2025-04-05,Deadpool 2,2018,https://boxd.it/dlLM
2025-04-05,Get Out,2017,https://boxd.it/eOCm
2025-04-05,The Hunger Games: Catching Fire,2013,https://boxd.it/3sAw
2025-04-05,The Hunger Games,2012,https://boxd.it/2uds
2025-04-05,Project X,2012,https://boxd.it/neO
2025-04-05,Harry Potter and the Goblet of Fire,2005,https://boxd.it/29Qo
2025-04-05,Pirates of the Caribbean: Dead Man's Chest,2006,https://boxd.it/2bfk
2025-04-05,Pirates of the Caribbean: At World's End,2007,https://boxd.it/2aGu
2025-04-05,Jaws,1975,https://boxd.it/2a5e
2025-04-11,Mickey 17,2025,https://boxd.it/q1Dk
2025-04-13,Monkey Kingdom,2015,https://boxd.it/9m0Y
2025-04-13,Planet of the Apes,1968,https://boxd.it/29p8
2025-04-14,Flies,2023,https://boxd.it/IEXk
2025-04-21,The Texas Chain Saw Massacre,1974,https://boxd.it/1lcS
2025-04-23,Conclave,2024,https://boxd.it/AO8q
2025-04-27,Sinners,2025,https://boxd.it/KQMM
2025-05-03,Enter the Void,2009,https://boxd.it/1dy2
2025-05-03,The Dark Knight Rises,2012,https://boxd.it/H3m
2025-05-03,Venom,2018,https://boxd.it/b8wA
2025-05-03,Warrior,2011,https://boxd.it/i3G
2025-05-05,Sin City: A Dame to Kill For,2014,https://boxd.it/2aV0
2025-05-05,Mishima: A Life in Four Chapters,1985,https://boxd.it/1sBA
2025-05-05,American Beauty,1999,https://boxd.it/71Y
2025-05-05,Harry Potter and the Prisoner of Azkaban,2004,https://boxd.it/29Qy
2025-05-06,mid90s,2018,https://boxd.it/fxIa
2025-05-06,A Minecraft Movie,2025,https://boxd.it/zRro
2025-05-06,South Park: Joining the Panderverse,2023,https://boxd.it/J8oY
2025-05-06,John Wick: Chapter 4,2023,https://boxd.it/mh48
2025-05-06,Creed III,2023,https://boxd.it/pf68
2025-05-06,The Whale,2022,https://boxd.it/tw4c
2025-05-06,Nope,2022,https://boxd.it/sDCe
2025-05-06,Jackass 4.5,2022,https://boxd.it/vfTm
2025-05-06,Moon Knight,2022,https://boxd.it/zeDq
2025-05-06,Jackass Forever,2022,https://boxd.it/opUg
2025-05-06,"The French Dispatch of the Liberty, Kansas Evening Sun",2021,https://boxd.it/jLP8
2025-05-06,1917,2019,https://boxd.it/jj4y
2025-05-06,Vivarium,2019,https://boxd.it/gmVE
2025-05-06,Pokémon Detective Pikachu,2019,https://boxd.it/fVA0
2025-05-06,Us,2019,https://boxd.it/gnV6
2025-05-06,Bohemian Rhapsody,2018,https://boxd.it/f1TK
2025-05-06,Ant-Man and the Wasp,2018,https://boxd.it/cqUW
2025-05-06,Incredibles 2,2018,https://boxd.it/7IPg
2025-05-06,A Quiet Place,2018,https://boxd.it/fVJQ
2025-05-06,Black Panther,2018,https://boxd.it/8MHs
2025-05-06,Happy Death Day,2017,https://boxd.it/fDz4
2025-05-06,Thor: Ragnarok,2017,https://boxd.it/8MHi
2025-05-06,Guardians of the Galaxy Vol. 2,2017,https://boxd.it/8MxC
2025-05-06,Call Me by Your Name,2017,https://boxd.it/dYmm
2025-05-06,The Founder,2016,https://boxd.it/9XwM
2025-05-06,Suicide Squad,2016,https://boxd.it/9row
2025-05-06,Captain America: Civil War,2016,https://boxd.it/89Ja
2025-05-06,Don't Breathe,2016,https://boxd.it/9yzw
2025-05-06,Hush,2016,https://boxd.it/d5ys
2025-05-06,The Boy,2016,https://boxd.it/apZi
2025-05-06,Ant-Man,2015,https://boxd.it/3vmW
2025-05-06,Kick-Ass 2,2013,https://boxd.it/hqu
2025-05-06,Fast & Furious 6,2013,https://boxd.it/2UG6
2025-05-06,Texas Chainsaw 3D,2013,https://boxd.it/2E7O
2025-05-06,The Dictator,2012,https://boxd.it/2DEW
2025-05-06,The Avengers,2012,https://boxd.it/1xFW
2025-05-06,Sinister,2012,https://boxd.it/2TnW
2025-05-06,The Cabin in the Woods,2011,https://boxd.it/1zOc
2025-05-06,Puss in Boots,2011,https://boxd.it/eL34
2025-05-06,Thor,2011,https://boxd.it/1WQU
2025-05-06,Kick-Ass,2010,https://boxd.it/1zaQ
2025-05-06,Yes Man,2008,https://boxd.it/1WPW
2025-05-06,Jumper,2008,https://boxd.it/20ss
2025-05-06,School of Rock,2003,https://boxd.it/28xK
2025-05-06,Jackass: The Movie,2002,https://boxd.it/1Zo0
2025-05-06,Star Wars: Episode II – Attack of the Clones,2002,https://boxd.it/27V2
2025-05-07,Batman Begins,2005,https://boxd.it/2aIg
2025-05-07,Batman & Robin,1997,https://boxd.it/2ar0
2025-05-07,Batman Forever,1995,https://boxd.it/2ara
2025-05-07,Batman Returns,1992,https://boxd.it/2awa
2025-05-07,Batman,1989,https://boxd.it/2aIU
2025-05-14,Memoir of a Snail,2024,https://boxd.it/EgX8
2025-05-16,COLORFUL STAGE! The Movie: A Miku Who Can't Sing,2025,https://boxd.it/OuEu
2025-05-17,Unforgiven,1992,https://boxd.it/6Z4
2025-05-18,Little Miss Sunshine,2006,https://boxd.it/29EW
2025-05-18,Rush Hour,1998,https://boxd.it/27pU
2025-05-18,Rush Hour 2,2001,https://boxd.it/23ga
2025-05-29,The Monkey,2025,https://boxd.it/Gwiu
2025-05-30,I Saw the Devil,2010,https://boxd.it/FaK
2025-05-31,Final Destination Bloodlines,2025,https://boxd.it/l5y4
2025-05-31,Tape,2001,https://boxd.it/1yCu
2025-06-10,Lilo & Stitch,2025,https://boxd.it/kbUe
2025-06-10,The Aura,2005,https://boxd.it/1PHQ
2025-06-15,Maniac,2018,https://boxd.it/jX9y
2025-06-15,Gran Torino,2008,https://boxd.it/1Qzy
2025-06-26,The Conformist,1970,https://boxd.it/20cE
2025-06-30,Dogtooth,2009,https://boxd.it/158K
2025-06-30,Happy Together,1997,https://boxd.it/1Ha0
2025-07-03,Possession,1981,https://boxd.it/1BPm
2025-07-04,Retribution,2006,https://boxd.it/NO4
2025-07-08,Pulse,2001,https://boxd.it/1s3y
2025-07-10,He's All That,2021,https://boxd.it/bFbA
2025-07-20,Mind Game,2004,https://boxd.it/1Bv2
2025-07-22,All About Lily Chou-Chou,2001,https://boxd.it/1JP0
2025-07-23,1978,2024,https://boxd.it/Napi
2025-07-25,The Man from Earth,2007,https://boxd.it/1Ql2
2025-07-29,Chime,2024,https://boxd.it/KiS2
2025-07-30,Superman,2025,https://boxd.it/E9IU
2025-08-10,Weapons,2025,https://boxd.it/EMTM
2025-08-12,After Hours,1985,https://boxd.it/1VfS
2025-08-15,Moebius,1996,https://boxd.it/13Vg
2025-09-06,Into the Abyss,2022,https://boxd.it/yxlS
2025-09-07,Extraordinary Stories,2008,https://boxd.it/3JF4
2025-09-13,Pusher,1996,https://boxd.it/27wG
2025-09-19,Pusher II,2004,https://boxd.it/1U7y
2025-09-23,Stephanie,2005,https://boxd.it/hltG
2025-09-27,Bring Her Back,2025,https://boxd.it/Hxlc
2025-09-28,The Vanishing,1988,https://boxd.it/1ZTW
2025-09-30,One Battle After Another,2025,https://boxd.it/DUHM
2025-10-10,The Doom Generation,1995,https://boxd.it/1PVe
2025-10-11,Take Me to the River,2015,https://boxd.it/9Uay
2025-10-13,The Suicide Squad,2021,https://boxd.it/fw6O
2025-10-15,The Game,1997,https://boxd.it/26vC
2025-10-29,Magnolia,1999,https://boxd.it/2aze
2025-11-03,Scooby-Doo,2002,https://boxd.it/1YaQ
2025-11-03,Spring Breakers,2012,https://boxd.it/421s
2025-11-08,The Last One for the Road,2025,https://boxd.it/UbvU
2025-11-08,A Useful Ghost,2025,https://boxd.it/Qy4O
2025-11-09,Suzaki Paradise: Red Light District,1956,https://boxd.it/47wA
2025-11-09,Kiss of the Spider Woman,2025,https://boxd.it/K6Ag
2025-11-09,Rosaura at 10 O'Clock,1958,https://boxd.it/4com
2025-11-10,The Last Viking,2025,https://boxd.it/NqyK
2025-11-10,Calle Malaga,2025,https://boxd.it/RPZ0
2025-11-18,Frankenstein,2025,https://boxd.it/Ecsg
2025-11-21,House,1977,https://boxd.it/1vsm
2025-11-21,Sucker Punch,2011,https://boxd.it/1yYg
2025-11-26,Die My Love,2025,https://boxd.it/D5cI
2025-12-06,Buena Vista Social Club,1999,https://boxd.it/1T6E
2025-12-06,Gunman,2025,https://boxd.it/TGZk
2025-12-13,Bugonia,2025,https://boxd.it/qeWY
2025-12-19,The Lord of the Rings: The Fellowship of the Ring,2001,https://boxd.it/2b5O
2025-12-20,Full Metal Jacket,1987,https://boxd.it/2a1Q
2025-12-26,Cuckoo,2024,https://boxd.it/wMjI
2025-12-27,Venice 70: Future Reloaded,2013,https://boxd.it/6yhc
2026-01-02,Wake Up Dead Man,2025,https://boxd.it/uAKS
2026-01-03,The Lord of the Rings: The Two Towers,2002,https://boxd.it/2b5E
2026-01-03,Finding Nemo,2003,https://boxd.it/72i
2026-01-03,Asteroid City,2023,https://boxd.it/s3ds
2026-01-03,What Happened to Monday,2017,https://boxd.it/ejUu
2026-01-04,Sentimental Value,2025,https://boxd.it/GwcG
2026-01-05,Phantom of the Paradise,1974,https://boxd.it/1s34
2026-01-05,The South,1988,https://boxd.it/Mnc
2026-01-05,Eternity,2025,https://boxd.it/LYtK
2026-01-07,Spree,2020,https://boxd.it/oiiO
2026-01-09,The Ugly Stepsister,2025,https://boxd.it/MZBM
2026-01-14,28 Years Later,2025,https://boxd.it/FEGM
2026-01-14,Shiva Baby,2020,https://boxd.it/oIv0
2026-01-16,Los visionadores,2021,https://boxd.it/uiNu
2026-01-18,Marty Supreme,2025,https://boxd.it/Off0
2026-01-19,La Chimera,2023,https://boxd.it/vzVi
2026-01-20,Homo Argentum,2025,https://boxd.it/Uzoo
2026-01-20,Puparia,2020,https://boxd.it/sNym
2026-01-20,Buscando a Reynols,2005,https://boxd.it/77Ca
2026-01-21,Silvia Prieto,1999,https://boxd.it/EI2
2026-01-27,Mikey and Nicky,1976,https://boxd.it/iL4
2026-01-28,The Virgin of the Quarry Lake,2025,https://boxd.it/wAJ0
2026-02-06,Silent Hill,2006,https://boxd.it/2a3C
2026-02-12,Hamnet,2025,https://boxd.it/woVy
2026-02-15,The Nightmare Before Christmas,1993,https://boxd.it/1YzQ
2026-02-17,No Other Choice,2025,https://boxd.it/nKiA
2026-02-17,Chinatown,1974,https://boxd.it/29vU
2026-02-19,Tetsuo: The Iron Man,1989,https://boxd.it/ZoM
2026-02-21,Cloud,2024,https://boxd.it/LhR0
2026-02-21,Casablanca,1942,https://boxd.it/2aG0
2026-02-22,Magic Farm,2025,https://boxd.it/NZAm
2026-02-23,Fallen Leaves,2023,https://boxd.it/Bgew
2026-02-23,Maurice's Bar,2023,https://boxd.it/GoW2
2026-02-23,Ratatouille,2007,https://boxd.it/27ww
2026-02-23,Avengers: Endgame,2019,https://boxd.it/9vE4
2026-02-23,Mean Girls,2004,https://boxd.it/1VNg
2026-02-23,Coraline,2009,https://boxd.it/1NhQ
2026-02-23,Titanic,1997,https://boxd.it/2a2k
2026-02-23,Harry Potter and the Philosopher's Stone,2001,https://boxd.it/29QS
2026-02-23,Home Alone,1990,https://boxd.it/29Fg
2026-02-23,Deadpool,2016,https://boxd.it/9fOC
2026-02-23,Interstella 5555: The 5tory of the 5ecret 5tar 5ystem,2003,https://boxd.it/1ULy
2026-03-02,The Moment,2026,https://boxd.it/SCkg
2026-03-02,The Secret Agent,2025,https://boxd.it/KkUE
2026-03-04,Take Out,2004,https://boxd.it/17DA
2026-03-10,High School Musical 2,2007,https://boxd.it/1PIu
2026-03-10,Casino Royale,2006,https://boxd.it/1alk
2026-03-10,Kill Bill: Vol. 2,2004,https://boxd.it/2au4
2026-03-13,Splendor,1999,https://boxd.it/1cLE
2026-03-14,The Hills Have Eyes,1977,https://boxd.it/1Sa6
2026-03-24,The Lord of the Rings: The Return of the King,2003,https://boxd.it/2b5u
2026-03-26,House of Gucci,2021,https://boxd.it/nVkC
2026-03-26,T2 Trainspotting,2017,https://boxd.it/5vTA
2026-03-29,Caught Stealing,2025,https://boxd.it/LnyS
2026-03-30,License to Live,1998,https://boxd.it/IGY
2026-03-31,Kill the Jockey,2024,https://boxd.it/FNA4
2026-04-03,Dead Set,2008,https://boxd.it/5ppu
2026-04-05,Perfect Days,2023,https://boxd.it/ATh8
2026-04-06,Pusher III,2005,https://boxd.it/1U7e
2026-04-08,Project Hail Mary,2026,https://boxd.it/pEeQ
2026-04-13,Electric Dragon 80000V,2001,https://boxd.it/1sew
2026-04-17,Rubber's Lover,1996,https://boxd.it/J4G
2026-04-18,Hostage,2005,https://boxd.it/27Bc
2026-04-18,Five Nights at Freddy's,2023,https://boxd.it/ikHu
2026-04-19,The Drama,2026,https://boxd.it/OA2w
2026-04-20,Zombie Ass: Toilet of the Dead,2011,https://boxd.it/3to2
2026-04-22,Heysel 85,2026,https://boxd.it/TAYK
2026-04-24,Baby Assassins,2021,https://boxd.it/vXei
2026-04-25,The Dinner,1974,https://boxd.it/4qwk
2026-04-25,Mudanza,2008,https://boxd.it/4qwY
2026-04-25,Orfeo,2025,https://boxd.it/WrYi
2026-04-27,Baby Assassins 2,2023,https://boxd.it/ELnU
2026-04-27,Taxidermia,2006,https://boxd.it/1LBO
2026-05-02,Chronicles of a Wandering Saint,2023,https://boxd.it/Frbw
2026-05-02,Graciadió,1997,https://boxd.it/7nvE
2026-05-02,Piercing,2018,https://boxd.it/fELU
2026-05-02,Moulin Rouge!,2001,https://boxd.it/29wI
2026-05-05,Swing Girls,2004,https://boxd.it/1ag0
2026-05-08,Ju-on: The Grudge,2002,https://boxd.it/1SY6
2026-05-10,Muchachos,2023,https://boxd.it/JK7G
2026-05-11,Mortal Kombat II,2026,https://boxd.it/z6iO
2026-05-11,The Machine Girl,2008,https://boxd.it/1P1K
2026-05-12,Midnight Cowboy,1969,https://boxd.it/25Hi
2026-05-16,Querelle,1982,https://boxd.it/XEy
2026-05-17,Palm Springs,2020,https://boxd.it/lCXQ
2026-05-17,One Flew Over the Cuckoo's Nest,1975,https://boxd.it/2aeA
2026-05-21,The Paranoids,2008,https://boxd.it/QBW
2026-05-25,Videodrome,1983,https://boxd.it/29uC
2026-05-26,Send Help,2026,https://boxd.it/JuhA
2026-05-26,Rental Family,2025,https://boxd.it/JQOw
2026-05-29,A Poet,2025,https://boxd.it/UkD4
2026-06-02,Alicia en el país de las maravillas,1976,https://boxd.it/dTOK
2026-06-04,Rambo III,1988,https://boxd.it/28TG
2026-06-05,Backrooms,2026,https://boxd.it/EY6W
2026-06-07,Obsession,2025,https://boxd.it/PNqo
2026-06-09,The Wild Goose Lake,2019,https://boxd.it/l8bs
2026-06-13,Persona,1966,https://boxd.it/29B4
2026-06-16,Scary Movie,2000,https://boxd.it/24CG
2026-06-19,Tie Me Up! Tie Me Down!,1989,https://boxd.it/26FW
2026-06-19,Green Room,2015,https://boxd.it/a75m
2026-06-22,Toy Story,1995,https://boxd.it/29qA
2026-06-24,Jackass 3.5,2011,https://boxd.it/2Ak
2026-06-26,The A-Team,2010,https://boxd.it/1dHS
2026-06-26,The Invisible Man,2020,https://boxd.it/kWlA
2026-06-29,In the Mouth of Madness,1994,https://boxd.it/26vi
2026-06-29,"Valentina, the movie",2008,https://boxd.it/awRq
2026-07-02,Fear and Loathing in Las Vegas,1998,https://boxd.it/27Xs
2026-07-03,Morel's Invention,1974,https://boxd.it/gJq
2026-07-06,Junk Head,2017,https://boxd.it/gDdO
2026-07-06,Fresh Peach,2022,https://boxd.it/Bk54
2026-07-07,The Bride!,2026,https://boxd.it/HSw6
2026-07-09,Nobody,2021,https://boxd.it/mLqS
2026-07-09,Looking for Eric,2009,https://boxd.it/1G6m
2026-07-12,The Delinquents,2023,https://boxd.it/qLyA
2026-07-13,Sonatine,1993,https://boxd.it/20TI
2026-07-13,Battle Royale,2000,https://boxd.it/25zS
2026-07-13,The Wonderful Story of Henry Sugar,2023,https://boxd.it/yNyo
2026-07-14,Jurassic Park,1993,https://boxd.it/2aA2
2026-07-15,The Mysterious Gaze of the Flamingo,2025,https://boxd.it/xR4q
2026-07-21,Quiero llenarme de ti,1969,https://boxd.it/4ak8
2026-07-23,Mars Attacks!,1996,https://boxd.it/2bd4
2026-07-23,The Intern,2015,https://boxd.it/7AOE
2026-07-24,Carlito's Way,1993,https://boxd.it/226e
2026-07-24,21 Grams,2003,https://boxd.it/2ajK
2026-07-25,Nacho Libre,2006,https://boxd.it/1YTG
2026-07-25,I'm No Longer Here,2019,https://boxd.it/lqSu
2026-07-26,The Golden Glove,2019,https://boxd.it/ih9k
2026-07-26,Black Hawk Down,2001,https://boxd.it/29rI
2026-07-26,The Pursuit of Happyness,2006,https://boxd.it/28PE
2026-07-27,"The Adventures of Priscilla, Queen of the Desert",1994,https://boxd.it/26mg
2026-07-27,The Odyssey,2026,https://boxd.it/QFQU
2026-07-29,The Sadness,2021,https://boxd.it/tcHe
2026-07-30,7 Piano Sketches,2026,https://boxd.it/14sO0
2026-08-01,La Ciénaga,2001,https://boxd.it/kpk
2026-08-01,The Long Walk,2025,https://boxd.it/mic8
2026-08-01,RocknRolla,2008,https://boxd.it/1PmI
2026-08-02,Chicago,2002,https://boxd.it/28zm
2026-08-04,Bram Stoker's Dracula,1992,https://boxd.it/223a
2026-08-04,Junk World,2025,https://boxd.it/ImzO
2026-08-05,Eastern Promises,2007,https://boxd.it/275q
2026-08-09,The Gentlemen,2019,https://boxd.it/iYBQ
2026-08-11,Moon of Avellaneda,2004,https://boxd.it/lp6
2026-08-12,Do Not Expect Too Much from the End of the World,2023,https://boxd.it/zkHI
2026-08-14,The Favourite,2018,https://boxd.it/d2hI
2026-08-17,Nirvanna the Band the Show the Movie,2025,https://boxd.it/HG9a
2026-08-18,Shottas,2002,https://boxd.it/1PjO
2026-08-19,Hokum,2026,https://boxd.it/SUeq
2026-08-19,The Invite,2026,https://boxd.it/zRNY
2026-08-20,Double Team,1997,https://boxd.it/1YLs
2026-08-21,AliEN0089,2023,https://boxd.it/AUyu
